date,from_stop_id,to_stop_id,delay_count,entries_count,avg_delay
2023-01-24,8000022,8000022,15,76,52
2023-01-24,8000022,8000797,6,38,33
2023-01-24,8000022,8002634,10,38,69
2023-01-24,8000093,8000093,14,39,71
2023-01-24,8000093,8000282,4,18,82
2023-01-24,8000093,8000483,0,1,-30
2023-01-24,8000093,8000935,0,1,0
2023-01-24,8000093,8004709,1,18,3
2023-01-24,8000148,8000148,18,86,33
2023-01-24,8000148,8000725,4,38,6
2023-01-24,8000148,8001342,6,18,73
2023-01-24,8000148,8001777,8,26,14
2023-01-24,8000148,8002812,4,18,8
2023-01-24,8000148,8005638,0,7,0
2023-01-24,8000169,8000026,3,7,304
2023-01-24,8000169,8000169,10,26,82
2023-01-24,8000169,8001775,7,38,30
2023-01-24,8000169,8002607,1,26,1
2023-01-24,8000169,8002830,1,19,3
2023-01-24,8000226,8000226,26,80,31
2023-01-24,8000226,8000443,11,40,20
2023-01-24,8000226,8000489,7,20,32
2023-01-24,8000226,8005511,12,26,48
2023-01-24,8000268,8000268,36,126,64
2023-01-24,8000268,8001393,9,40,79
2023-01-24,8000268,8002634,8,20,74
2023-01-24,8000268,8004322,7,23,20
2023-01-24,8000268,8004851,9,20,38
2023-01-24,8000282,8000093,7,18,72
2023-01-24,8000282,8000282,12,36,72
2023-01-24,8000282,8001775,6,18,87
2023-01-24,8000335,8000335,3,16,19
2023-01-24,8000335,8004777,1,8,4
2023-01-24,8000342,8000342,50,164,45
2023-01-24,8000342,8001781,2,6,30
2023-01-24,8000342,8002586,13,38,22
2023-01-24,8000342,8002969,10,38,30
2023-01-24,8000342,8003635,9,38,76
2023-01-24,8000342,8005160,10,38,30
2023-01-24,8000342,8006336,1,6,30
2023-01-24,8000354,8000354,18,40,69
2023-01-24,8000354,8001123,0,1,0
2023-01-24,8000354,8005809,9,19,88
2023-01-24,8000354,8005929,7,20,34
2023-01-24,8000443,8000226,17,40,32
2023-01-24,8000443,8000443,22,80,21
2023-01-24,8000443,8000578,10,40,23
2023-01-24,8000483,8000093,0,2,0
2023-01-24,8000483,8000213,1,1,90
2023-01-24,8000483,8000483,0,3,-10
2023-01-24,8000488,8000488,8,52,24
2023-01-24,8000488,8002607,8,26,46
2023-01-24,8000488,8005511,1,26,2
2023-01-24,8000489,8000226,6,20,30
2023-01-24,8000489,8000489,20,74,21
2023-01-24,8000489,8001279,15,37,34
2023-01-24,8000489,8070086,6,17,16
2023-01-24,8000578,8000443,11,40,18
2023-01-24,8000578,8000578,18,80,17
2023-01-24,8000578,8070086,8,40,16
2023-01-24,8000740,8000740,10,38,16
2023-01-24,8000740,8000759,5,19,19
2023-01-24,8000740,8001048,6,19,11
2023-01-24,8000759,8000740,2,19,3
2023-01-24,8000759,8000759,4,38,8
2023-01-24,8000759,8006358,3,19,14
2023-01-24,8000797,8000022,17,38,81
2023-01-24,8000797,8000797,22,76,60
2023-01-24,8000797,8006482,4,38,28
2023-01-24,8000807,8000807,12,40,33
2023-01-24,8000807,8003632,6,20,22
2023-01-24,8000807,8005929,8,20,44
2023-01-24,8000808,8000808,11,40,51
2023-01-24,8000808,8001775,5,20,52
2023-01-24,8000808,8005292,6,20,52
2023-01-24,8000810,8000810,1,3,60
2023-01-24,8000810,8003292,0,1,0
2023-01-24,8000810,8005809,1,2,90
2023-01-24,8000812,8000812,20,76,70
2023-01-24,8000812,8003267,7,38,23
2023-01-24,8000812,8006336,1,6,15
2023-01-24,8000812,8006482,15,38,95
2023-01-24,8000871,8003957,10,37,37
2023-01-24,8001000,8001000,30,74,54
2023-01-24,8001000,8003165,14,37,58
2023-01-24,8001000,8003957,17,37,59
2023-01-24,8001048,8000740,5,19,14
2023-01-24,8001123,8000354,2,2,135
2023-01-24,8001123,8001123,1,3,70
2023-01-24,8001123,8005809,0,1,0
2023-01-24,8001245,8001245,11,40,72
2023-01-24,8001245,8003286,8,20,88
2023-01-24,8001279,8000489,1,37,6
2023-01-24,8001279,8001279,14,74,19
2023-01-24,8001279,8004735,11,37,26
2023-01-24,8001342,8000148,5,18,15
2023-01-24,8001342,8001342,10,36,26
2023-01-24,8001342,8006104,7,18,48
2023-01-24,8001393,8000268,15,40,47
2023-01-24,8001393,8001393,22,80,63
2023-01-24,8001393,8005507,10,40,77
2023-01-24,8001561,8001157,0,1,0
2023-01-24,8001561,8001561,1,3,60
2023-01-24,8001561,8003292,1,2,90
2023-01-24,8001675,8001675,26,76,78
2023-01-24,8001675,8003267,15,38,129
2023-01-24,8001675,8006336,12,38,31
2023-01-24,8001713,8001713,10,40,18
2023-01-24,8001713,8002507,5,20,18
2023-01-24,8001713,8004322,5,20,18
2023-01-24,8001775,8000169,13,38,74
2023-01-24,8001775,8000282,7,18,52
2023-01-24,8001775,8000808,6,20,38
2023-01-24,8001775,8001775,23,76,56
2023-01-24,8001949,8001489,4,23,108
2023-01-24,8001949,8001949,6,46,108
2023-01-24,8001949,8004322,5,23,108
2023-01-24,8002405,8002405,8,37,16
2023-01-24,8002405,8002830,3,18,17
2023-01-24,8002405,8006358,1,19,2
2023-01-24,8002507,8001713,5,20,15
2023-01-24,8002507,8002507,11,40,18
2023-01-24,8002507,8003705,5,20,16
2023-01-24,8002580,8002580,58,218,42
2023-01-24,8002580,8002586,31,89,64
2023-01-24,8002580,8003659,1,7,13
2023-01-24,8002580,8005047,5,20,69
2023-01-24,8002580,8079095,19,76,23
2023-01-24,8002584,8002584,15,80,17
2023-01-24,8002584,8070086,9,40,10
2023-01-24,8002585,8002585,16,80,57
2023-01-24,8002585,8003659,6,40,22
2023-01-24,8002585,8079095,10,40,91
2023-01-24,8002586,8000342,12,37,41
2023-01-24,8002586,8001781,2,6,40
2023-01-24,8002586,8002580,21,89,22
2023-01-24,8002586,8002581,10,39,78
2023-01-24,8002586,8002586,50,178,43
2023-01-24,8002586,8005638,1,7,17
2023-01-24,8002589,8003542,18,44,23
2023-01-24,8002607,8000169,6,26,43
2023-01-24,8002607,8000488,1,26,1
2023-01-24,8002607,8002607,7,52,22
2023-01-24,8002634,8000022,5,38,33
2023-01-24,8002634,8000268,6,20,168
2023-01-24,8002634,8002634,12,40,119
2023-01-24,8002634,8003699,3,20,34
2023-01-24,8002812,8000148,5,18,68
2023-01-24,8002812,8002812,8,36,19
2023-01-24,8002812,8005104,5,18,12
2023-01-24,8002830,8000169,3,19,19
2023-01-24,8002830,8002405,1,19,2
2023-01-24,8002830,8002830,4,38,8
2023-01-24,8003267,8000812,16,38,128
2023-01-24,8003267,8001675,13,38,32
2023-01-24,8003267,8003267,29,76,82
2023-01-24,8003286,8001245,4,20,64
2023-01-24,8003286,8003286,12,40,91
2023-01-24,8003286,8005662,8,20,126
2023-01-24,8003292,8000810,1,2,90
2023-01-24,8003292,8001561,0,1,0
2023-01-24,8003292,8003292,17,40,62
2023-01-24,8003292,8004702,3,8,38
2023-01-24,8003292,8005809,7,18,48
2023-01-24,8003542,8002589,15,45,25
2023-01-24,8003542,8003165,14,37,40
2023-01-24,8003542,8003542,54,163,36
2023-01-24,8003542,8003545,24,81,39
2023-01-24,8003545,8003542,25,82,29
2023-01-24,8003545,8003545,61,204,51
2023-01-24,8003545,8003957,9,20,52
2023-01-24,8003545,8006089,29,81,43
2023-01-24,8003545,8012762,0,1,0
2023-01-24,8003632,8000807,9,20,60
2023-01-24,8003632,8001071,7,20,27
2023-01-24,8003632,8003632,15,40,46
2023-01-24,8003659,8002580,0,7,0
2023-01-24,8003659,8002585,11,40,92
2023-01-24,8003659,8003659,21,94,50
2023-01-24,8003659,8005507,10,47,23
2023-01-24,8003699,8002634,8,20,190
2023-01-24,8003699,8003699,11,40,113
2023-01-24,8003699,8005662,2,20,24
2023-01-24,8003705,8002507,7,20,30
2023-01-24,8003705,8003705,10,40,19
2023-01-24,8003957,8000871,17,37,69
2023-01-24,8003957,8001000,14,37,60
2023-01-24,8003957,8003545,9,20,210
2023-01-24,8003957,8003700,8,20,69
2023-01-24,8003957,8003957,47,114,88
2023-01-24,8004322,8000268,4,23,99
2023-01-24,8004322,8001713,6,20,21
2023-01-24,8004322,8001949,6,23,65
2023-01-24,8004322,8004322,23,86,46
2023-01-24,8004322,8004851,5,20,20
2023-01-24,8004709,8000093,8,18,97
2023-01-24,8004709,8004709,10,36,25
2023-01-24,8004709,8006104,6,18,20
2023-01-24,8004735,8001279,2,37,7
2023-01-24,8004735,8001687,14,37,29
2023-01-24,8004735,8004735,15,74,18
2023-01-24,8004851,8000268,4,20,20
2023-01-24,8004851,8004322,7,20,28
2023-01-24,8004851,8004851,10,40,22
2023-01-24,8005047,8002580,10,20,68
2023-01-24,8005047,8005047,11,40,59
2023-01-24,8005047,8005292,5,20,58
2023-01-24,8005104,8002812,5,18,25
2023-01-24,8005104,8005104,7,36,13
2023-01-24,8005104,8006091,4,18,10
2023-01-24,8005292,8000808,5,20,60
2023-01-24,8005292,8005047,7,20,58
2023-01-24,8005292,8005292,11,40,56
2023-01-24,8005507,8001393,13,40,45
2023-01-24,8005507,8003659,14,47,77
2023-01-24,8005507,8005507,20,80,57
2023-01-24,8005511,8000226,4,26,9
2023-01-24,8005511,8000488,10,26,50
2023-01-24,8005511,8005511,13,52,33
2023-01-24,8005662,8003286,5,20,56
2023-01-24,8005662,8003699,8,20,182
2023-01-24,8005662,8005662,10,40,89
2023-01-24,8005809,8000354,7,18,55
2023-01-24,8005809,8000810,0,1,0
2023-01-24,8005809,8001123,1,2,105
2023-01-24,8005809,8003292,9,19,82
2023-01-24,8005809,8005809,17,40,66
2023-01-24,8005929,8000354,8,20,57
2023-01-24,8005929,8000807,4,20,14
2023-01-24,8005929,8005929,11,40,29
2023-01-24,8006089,8003545,24,82,30
2023-01-24,8006089,8006089,57,163,40
2023-01-24,8006089,8079097,32,81,55
2023-01-24,8006104,8001342,3,18,10
2023-01-24,8006104,8004709,6,18,38
2023-01-24,8006104,8006104,12,36,32
2023-01-24,8006336,8000342,3,6,30
2023-01-24,8006336,8000812,2,6,50
2023-01-24,8006336,8001675,18,38,126
2023-01-24,8006336,8003635,8,38,25
2023-01-24,8006336,8006336,29,88,65
2023-01-24,8006358,8000759,2,19,3
2023-01-24,8006358,8002405,7,18,32
2023-01-24,8006358,8002830,0,1,0
2023-01-24,8006358,8006358,5,38,10
2023-01-24,8006482,8000797,15,38,84
2023-01-24,8006482,8000812,5,38,32
2023-01-24,8006482,8006482,19,76,55
2023-01-24,8070086,8000489,5,17,14
2023-01-24,8070086,8000578,4,40,6
2023-01-24,8070086,8002584,9,40,20
2023-01-24,8070086,8070086,23,114,12
2023-01-24,8079095,8002580,20,75,38
2023-01-24,8079095,8002585,5,40,20
2023-01-24,8079095,8079095,62,243,41
2023-01-24,8079095,8079097,22,82,27
2023-01-24,8079097,8006089,27,82,32
2023-01-24,8079097,8079095,26,81,43
2023-01-24,8079097,8079097,57,163,40
2023-01-25,8000022,8000022,55,76,242
2023-01-25,8000022,8000797,26,38,187
2023-01-25,8000022,8002634,28,38,287
2023-01-25,8000093,8000093,30,39,81
2023-01-25,8000093,8000282,8,18,58
2023-01-25,8000093,8000483,0,1,0
2023-01-25,8000093,8000935,1,1,60
2023-01-25,8000093,8004709,5,18,27
2023-01-25,8000148,8000148,46,86,71
2023-01-25,8000148,8000725,19,38,69
2023-01-25,8000148,8001342,9,18,83
2023-01-25,8000148,8001777,21,26,137
2023-01-25,8000148,8002812,9,18,47
2023-01-25,8000148,8005638,3,7,34
2023-01-25,8000169,8000026,7,7,759
2023-01-25,8000169,8000169,22,26,519
2023-01-25,8000169,8001775,17,38,37
2023-01-25,8000169,8002607,3,26,52
2023-01-25,8000169,8002830,7,19,21
2023-01-25,8000226,8000226,63,80,122
2023-01-25,8000226,8000443,23,40,97
2023-01-25,8000226,8000489,14,20,141
2023-01-25,8000226,8005511,21,26,110
2023-01-25,8000268,8000268,92,126,440
2023-01-25,8000268,8001393,20,40,227
2023-01-25,8000268,8002634,14,20,468
2023-01-25,8000268,8004322,19,23,237
2023-01-25,8000268,8004851,16,20,280
2023-01-25,8000282,8000093,15,18,118
2023-01-25,8000282,8000282,23,36,74
2023-01-25,8000282,8001775,14,18,98
2023-01-25,8000335,8000335,9,16,68
2023-01-25,8000335,8004777,4,8,26
2023-01-25,8000342,8000342,131,164,176
2023-01-25,8000342,8001781,3,6,35
2023-01-25,8000342,8002586,35,38,126
2023-01-25,8000342,8002969,34,38,171
2023-01-25,8000342,8003635,21,38,252
2023-01-25,8000342,8005160,29,38,201
2023-01-25,8000342,8006336,2,6,20
2023-01-25,8000354,8000354,25,40,173
2023-01-25,8000354,8001123,1,1,60
2023-01-25,8000354,8005809,12,19,216
2023-01-25,8000354,8005929,12,20,96
2023-01-25,8000443,8000226,32,40,137
2023-01-25,8000443,8000443,61,80,106
2023-01-25,8000443,8000578,31,40,110
2023-01-25,8000483,8000093,1,2,15
2023-01-25,8000483,8000213,0,1,0
2023-01-25,8000483,8000483,0,3,0
2023-01-25,8000488,8000488,28,52,78
2023-01-25,8000488,8002607,19,26,95
2023-01-25,8000488,8005511,8,26,61
2023-01-25,8000489,8000226,15,20,78
2023-01-25,8000489,8000489,47,74,109
2023-01-25,8000489,8001279,30,37,161
2023-01-25,8000489,8070086,14,17,118
2023-01-25,8000578,8000443,23,40,94
2023-01-25,8000578,8000578,46,80,88
2023-01-25,8000578,8070086,20,40,88
2023-01-25,8000740,8000740,24,38,43
2023-01-25,8000740,8000759,13,19,55
2023-01-25,8000740,8001048,11,19,41
2023-01-25,8000759,8000740,9,19,24
2023-01-25,8000759,8000759,20,38,35
2023-01-25,8000759,8006358,10,19,41
2023-01-25,8000797,8000022,36,38,319
2023-01-25,8000797,8000797,63,76,252
2023-01-25,8000797,8006482,25,38,163
2023-01-25,8000807,8000807,31,40,148
2023-01-25,8000807,8003632,17,20,134
2023-01-25,8000807,8005929,18,20,200
2023-01-25,8000808,8000808,30,40,156
2023-01-25,8000808,8001775,16,20,202
2023-01-25,8000808,8005292,14,20,99
2023-01-25,8000810,8000810,2,3,100
2023-01-25,8000810,8003292,0,1,0
2023-01-25,8000810,8005809,2,2,180
2023-01-25,8000812,8000812,62,76,244
2023-01-25,8000812,8003267,28,38,180
2023-01-25,8000812,8006336,2,6,30
2023-01-25,8000812,8006482,33,38,321
2023-01-25,8000871,8003957,15,37,55
2023-01-25,8001000,8001000,72,74,120
2023-01-25,8001000,8003165,33,37,116
2023-01-25,8001000,8003957,36,37,145
2023-01-25,8001048,8000740,10,19,43
2023-01-25,8001123,8000354,2,2,240
2023-01-25,8001123,8001123,3,3,150
2023-01-25,8001123,8005809,0,1,0
2023-01-25,8001245,8001245,27,40,323
2023-01-25,8001245,8003286,11,20,255
2023-01-25,8001279,8000489,13,37,51
2023-01-25,8001279,8001279,45,74,108
2023-01-25,8001279,8004735,28,37,148
2023-01-25,8001342,8000148,12,18,68
2023-01-25,8001342,8001342,28,36,94
2023-01-25,8001342,8006104,16,18,117
2023-01-25,8001393,8000268,30,40,364
2023-01-25,8001393,8001393,52,80,294
2023-01-25,8001393,8005507,19,40,226
2023-01-25,8001561,8001157,0,1,0
2023-01-25,8001561,8001561,2,3,70
2023-01-25,8001561,8003292,2,2,120
2023-01-25,8001675,8001675,65,76,248
2023-01-25,8001675,8003267,29,38,301
2023-01-25,8001675,8006336,31,38,194
2023-01-25,8001713,8001713,24,40,200
2023-01-25,8001713,8002507,12,20,243
2023-01-25,8001713,8004322,12,20,168
2023-01-25,8001775,8000169,36,38,201
2023-01-25,8001775,8000282,12,18,63
2023-01-25,8001775,8000808,12,20,76
2023-01-25,8001775,8001775,53,76,118
2023-01-25,8001949,8001489,19,23,166
2023-01-25,8001949,8001949,32,46,196
2023-01-25,8001949,8004322,15,23,599
2023-01-25,8002405,8002405,23,37,51
2023-01-25,8002405,8002830,10,18,55
2023-01-25,8002405,8006358,6,19,32
2023-01-25,8002507,8001713,11,20,150
2023-01-25,8002507,8002507,27,40,208
2023-01-25,8002507,8003705,13,20,248
2023-01-25,8002580,8002580,157,218,157
2023-01-25,8002580,8002586,62,89,182
2023-01-25,8002580,8003659,4,7,21
2023-01-25,8002580,8005047,20,20,208
2023-01-25,8002580,8079095,46,76,115
2023-01-25,8002584,8002584,47,80,88
2023-01-25,8002584,8070086,27,40,76
2023-01-25,8002585,8002585,39,80,180
2023-01-25,8002585,8003659,18,40,150
2023-01-25,8002585,8079095,21,40,221
2023-01-25,8002586,8000342,29,37,150
2023-01-25,8002586,8001781,3,6,30
2023-01-25,8002586,8002580,63,89,152
2023-01-25,8002586,8002581,18,39,212
2023-01-25,8002586,8002586,121,178,161
2023-01-25,8002586,8005638,4,7,39
2023-01-25,8002589,8003542,39,46,64
2023-01-25,8002607,8000169,18,26,102
2023-01-25,8002607,8000488,8,26,57
2023-01-25,8002607,8002607,26,52,73
2023-01-25,8002634,8000022,23,38,177
2023-01-25,8002634,8000268,11,20,186
2023-01-25,8002634,8002634,24,40,290
2023-01-25,8002634,8003699,16,20,364
2023-01-25,8002812,8000148,7,18,60
2023-01-25,8002812,8002812,23,36,58
2023-01-25,8002812,8005104,14,18,63
2023-01-25,8002830,8000169,14,19,92
2023-01-25,8002830,8002405,6,19,17
2023-01-25,8002830,8002830,19,38,46
2023-01-25,8003267,8000812,34,38,306
2023-01-25,8003267,8001675,38,38,208
2023-01-25,8003267,8003267,72,76,261
2023-01-25,8003286,8001245,15,20,392
2023-01-25,8003286,8003286,30,40,336
2023-01-25,8003286,8005662,15,20,266
2023-01-25,8003292,8000810,2,2,135
2023-01-25,8003292,8001561,0,1,0
2023-01-25,8003292,8003292,23,40,149
2023-01-25,8003292,8004702,5,8,60
2023-01-25,8003292,8005809,9,18,98
2023-01-25,8003542,8002589,38,46,113
2023-01-25,8003542,8003165,30,37,87
2023-01-25,8003542,8003542,126,166,101
2023-01-25,8003542,8003545,53,83,95
2023-01-25,8003545,8003542,56,83,95
2023-01-25,8003545,8003545,138,207,136
2023-01-25,8003545,8003957,20,20,130
2023-01-25,8003545,8006089,55,83,98
2023-01-25,8003545,8012762,1,1,30
2023-01-25,8003632,8000807,16,20,182
2023-01-25,8003632,8001071,19,20,192
2023-01-25,8003632,8003632,35,40,179
2023-01-25,8003659,8002580,2,7,30
2023-01-25,8003659,8002585,22,40,220
2023-01-25,8003659,8003659,49,94,164
2023-01-25,8003659,8005507,30,47,147
2023-01-25,8003699,8002634,11,20,186
2023-01-25,8003699,8003699,26,40,277
2023-01-25,8003699,8005662,14,20,362
2023-01-25,8003705,8002507,18,20,158
2023-01-25,8003705,8003705,29,40,177
2023-01-25,8003957,8000871,36,37,149
2023-01-25,8003957,8001000,36,37,124
2023-01-25,8003957,8003545,18,20,495
2023-01-25,8003957,8003700,20,20,180
2023-01-25,8003957,8003957,108,114,192
2023-01-25,8004322,8000268,14,23,857
2023-01-25,8004322,8001713,14,20,260
2023-01-25,8004322,8001949,20,23,188
2023-01-25,8004322,8004322,61,86,398
2023-01-25,8004322,8004851,11,20,200
2023-01-25,8004709,8000093,16,18,123
2023-01-25,8004709,8004709,26,36,75
2023-01-25,8004709,8006104,12,18,65
2023-01-25,8004735,8001279,15,37,59
2023-01-25,8004735,8001687,30,37,170
2023-01-25,8004735,8004735,43,74,108
2023-01-25,8004851,8000268,12,20,213
2023-01-25,8004851,8004322,16,20,272
2023-01-25,8004851,8004851,24,40,234
2023-01-25,8005047,8002580,19,20,126
2023-01-25,8005047,8005047,30,40,149
2023-01-25,8005047,8005292,18,20,207
2023-01-25,8005104,8002812,9,18,53
2023-01-25,8005104,8005104,19,36,52
2023-01-25,8005104,8006091,11,18,52
2023-01-25,8005292,8000808,15,20,207
2023-01-25,8005292,8005047,13,20,99
2023-01-25,8005292,8005292,26,40,145
2023-01-25,8005507,8001393,30,40,350
2023-01-25,8005507,8003659,26,47,197
2023-01-25,8005507,8005507,51,80,242
2023-01-25,8005511,8000226,19,26,93
2023-01-25,8005511,8000488,19,26,98
2023-01-25,8005511,8005511,32,52,93
2023-01-25,8005662,8003286,17,20,408
2023-01-25,8005662,8003699,9,20,178
2023-01-25,8005662,8005662,26,40,304
2023-01-25,8005809,8000354,14,18,128
2023-01-25,8005809,8000810,0,1,0
2023-01-25,8005809,8001123,2,2,195
2023-01-25,8005809,8003292,12,19,210
2023-01-25,8005809,8005809,28,40,162
2023-01-25,8005929,8000354,15,20,212
2023-01-25,8005929,8000807,10,20,76
2023-01-25,8005929,8005929,23,40,129
2023-01-25,8006089,8003545,51,83,100
2023-01-25,8006089,8006089,124,166,105
2023-01-25,8006089,8079097,67,83,123
2023-01-25,8006104,8001342,7,18,43
2023-01-25,8006104,8004709,9,18,82
2023-01-25,8006104,8006104,22,36,68
2023-01-25,8006336,8000342,4,6,40
2023-01-25,8006336,8000812,5,6,60
2023-01-25,8006336,8001675,36,38,310
2023-01-25,8006336,8003635,28,38,187
2023-01-25,8006336,8006336,73,88,209
2023-01-25,8006358,8000759,9,19,24
2023-01-25,8006358,8002405,16,18,83
2023-01-25,8006358,8002830,1,1,240
2023-01-25,8006358,8006358,24,38,44
2023-01-25,8006482,8000797,35,38,323
2023-01-25,8006482,8000812,30,38,186
2023-01-25,8006482,8006482,65,76,246
2023-01-25,8070086,8000489,16,17,139
2023-01-25,8070086,8000578,10,40,56
2023-01-25,8070086,8002584,32,40,109
2023-01-25,8070086,8070086,84,114,95
2023-01-25,8079095,8002580,50,75,186
2023-01-25,8079095,8002585,17,40,144
2023-01-25,8079095,8079095,147,246,132
2023-01-25,8079095,8079097,47,83,93
2023-01-25,8079097,8006089,55,83,103
2023-01-25,8079097,8079095,54,83,113
2023-01-25,8079097,8079097,115,166,107
2023-01-26,8000022,8000022,56,76,171
2023-01-26,8000022,8000797,27,38,103
2023-01-26,8000022,8002634,29,38,219
2023-01-26,8000093,8000093,33,39,217
2023-01-26,8000093,8000282,11,18,148
2023-01-26,8000093,8000483,1,1,420
2023-01-26,8000093,8000935,1,1,30
2023-01-26,8000093,8004709,9,18,87
2023-01-26,8000148,8000148,58,86,129
2023-01-26,8000148,8000725,17,38,37
2023-01-26,8000148,8001342,14,18,302
2023-01-26,8000148,8001777,22,26,68
2023-01-26,8000148,8002812,14,18,152
2023-01-26,8000148,8005638,2,7,47
2023-01-26,8000169,8000026,7,7,656
2023-01-26,8000169,8000169,25,26,570
2023-01-26,8000169,8001775,19,38,67
2023-01-26,8000169,8002607,11,26,29
2023-01-26,8000169,8002830,10,19,101
2023-01-26,8000226,8000226,70,80,97
2023-01-26,8000226,8000443,25,40,84
2023-01-26,8000226,8000489,16,20,104
2023-01-26,8000226,8005511,24,26,93
2023-01-26,8000268,8000268,91,126,128
2023-01-26,8000268,8001393,24,40,163
2023-01-26,8000268,8002634,14,20,165
2023-01-26,8000268,8004322,16,23,85
2023-01-26,8000268,8004851,17,20,177
2023-01-26,8000282,8000093,18,18,270
2023-01-26,8000282,8000282,29,36,182
2023-01-26,8000282,8001775,12,18,160
2023-01-26,8000335,8000335,12,16,122
2023-01-26,8000335,8004777,5,8,38
2023-01-26,8000342,8000342,132,164,125
2023-01-26,8000342,8001781,3,6,60
2023-01-26,8000342,8002586,35,38,88
2023-01-26,8000342,8002969,28,38,100
2023-01-26,8000342,8003635,22,38,161
2023-01-26,8000342,8005160,30,38,133
2023-01-26,8000342,8006336,3,6,110
2023-01-26,8000354,8000354,30,40,266
2023-01-26,8000354,8001123,1,1,300
2023-01-26,8000354,8005809,15,19,208
2023-01-26,8000354,8005929,12,20,290
2023-01-26,8000443,8000226,32,40,112
2023-01-26,8000443,8000443,63,80,90
2023-01-26,8000443,8000578,33,40,98
2023-01-26,8000483,8000093,1,2,30
2023-01-26,8000483,8000213,1,1,360
2023-01-26,8000483,8000483,2,3,160
2023-01-26,8000488,8000488,27,52,59
2023-01-26,8000488,8002607,19,26,97
2023-01-26,8000488,8005511,6,26,20
2023-01-26,8000489,8000226,18,20,102
2023-01-26,8000489,8000489,59,74,93
2023-01-26,8000489,8001279,34,37,135
2023-01-26,8000489,8070086,13,17,90
2023-01-26,8000578,8000443,26,40,71
2023-01-26,8000578,8000578,54,80,70
2023-01-26,8000578,8070086,26,40,82
2023-01-26,8000740,8000740,32,38,201
2023-01-26,8000740,8000759,18,19,272
2023-01-26,8000740,8001048,16,19,150
2023-01-26,8000759,8000740,13,19,114
2023-01-26,8000759,8000759,30,38,186
2023-01-26,8000759,8006358,17,19,221
2023-01-26,8000797,8000022,36,38,256
2023-01-26,8000797,8000797,60,76,186
2023-01-26,8000797,8006482,21,38,93
2023-01-26,8000807,8000807,34,40,232
2023-01-26,8000807,8003632,18,20,294
2023-01-26,8000807,8005929,19,20,184
2023-01-26,8000808,8000808,30,40,146
2023-01-26,8000808,8001775,16,20,162
2023-01-26,8000808,8005292,14,20,124
2023-01-26,8000810,8000810,3,3,140
2023-01-26,8000810,8003292,1,1,270
2023-01-26,8000810,8005809,2,2,105
2023-01-26,8000812,8000812,61,76,175
2023-01-26,8000812,8003267,24,38,112
2023-01-26,8000812,8006336,4,6,30
2023-01-26,8000812,8006482,34,38,261
2023-01-26,8000871,8003957,12,37,41
2023-01-26,8001000,8001000,71,74,137
2023-01-26,8001000,8003165,30,37,95
2023-01-26,8001000,8003957,36,37,192
2023-01-26,8001048,8000740,15,19,275
2023-01-26,8001123,8000354,2,2,150
2023-01-26,8001123,8001123,2,3,170
2023-01-26,8001123,8005809,1,1,240
2023-01-26,8001245,8001245,32,40,124
2023-01-26,8001245,8003286,16,20,147
2023-01-26,8001279,8000489,16,37,40
2023-01-26,8001279,8001279,45,74,88
2023-01-26,8001279,8004735,30,37,124
2023-01-26,8001342,8000148,15,18,138
2023-01-26,8001342,8001342,31,36,237
2023-01-26,8001342,8006104,17,18,357
2023-01-26,8001393,8000268,29,40,152
2023-01-26,8001393,8001393,56,80,157
2023-01-26,8001393,8005507,26,40,164
2023-01-26,8001561,8001157,1,1,240
2023-01-26,8001561,8001561,2,3,130
2023-01-26,8001561,8003292,1,2,60
2023-01-26,8001675,8001675,67,76,181
2023-01-26,8001675,8003267,32,38,220
2023-01-26,8001675,8006336,32,38,136
2023-01-26,8001713,8001713,21,40,90
2023-01-26,8001713,8002507,12,20,136
2023-01-26,8001713,8004322,9,20,45
2023-01-26,8001775,8000169,31,38,191
2023-01-26,8001775,8000282,16,18,163
2023-01-26,8001775,8000808,9,20,68
2023-01-26,8001775,8001775,54,76,129
2023-01-26,8001949,8001489,18,23,98
2023-01-26,8001949,8001949,34,46,106
2023-01-26,8001949,8004322,16,23,95
2023-01-26,8002405,8002405,27,37,178
2023-01-26,8002405,8002830,16,18,225
2023-01-26,8002405,8006358,10,19,120
2023-01-26,8002507,8001713,7,20,40
2023-01-26,8002507,8002507,25,40,99
2023-01-26,8002507,8003705,12,20,141
2023-01-26,8002580,8002580,174,218,128
2023-01-26,8002580,8002586,78,89,157
2023-01-26,8002580,8003659,4,7,73
2023-01-26,8002580,8005047,16,20,144
2023-01-26,8002580,8079095,54,76,103
2023-01-26,8002584,8002584,48,80,60
2023-01-26,8002584,8070086,27,40,37
2023-01-26,8002585,8002585,54,80,138
2023-01-26,8002585,8003659,20,40,88
2023-01-26,8002585,8079095,33,40,201
2023-01-26,8002586,8000342,26,37,102
2023-01-26,8002586,8001781,3,6,100
2023-01-26,8002586,8002580,65,89,111
2023-01-26,8002586,8002581,22,39,148
2023-01-26,8002586,8002586,139,178,125
2023-01-26,8002586,8005638,6,7,146
2023-01-26,8002589,8003542,43,46,42
2023-01-26,8002607,8000169,18,26,103
2023-01-26,8002607,8000488,8,26,21
2023-01-26,8002607,8002607,29,52,59
2023-01-26,8002634,8000022,20,38,99
2023-01-26,8002634,8000268,14,20,264
2023-01-26,8002634,8002634,30,40,202
2023-01-26,8002634,8003699,15,20,111
2023-01-26,8002812,8000148,18,18,325
2023-01-26,8002812,8002812,35,36,225
2023-01-26,8002812,8005104,18,18,232
2023-01-26,8002830,8000169,18,19,249
2023-01-26,8002830,8002405,11,19,104
2023-01-26,8002830,8002830,28,38,167
2023-01-26,8003267,8000812,34,38,226
2023-01-26,8003267,8001675,37,38,144
2023-01-26,8003267,8003267,71,76,186
2023-01-26,8003286,8001245,14,20,112
2023-01-26,8003286,8003286,32,40,159
2023-01-26,8003286,8005662,19,20,198
2023-01-26,8003292,8000810,1,2,75
2023-01-26,8003292,8001561,1,1,270
2023-01-26,8003292,8003292,29,40,249
2023-01-26,8003292,8004702,8,8,210
2023-01-26,8003292,8005809,12,18,317
2023-01-26,8003542,8002589,41,46,98
2023-01-26,8003542,8003165,35,37,144
2023-01-26,8003542,8003542,137,166,98
2023-01-26,8003542,8003545,52,83,69
2023-01-26,8003545,8003542,62,83,112
2023-01-26,8003545,8003545,148,207,164
2023-01-26,8003545,8003957,20,20,148
2023-01-26,8003545,8006089,59,83,81
2023-01-26,8003545,8012762,1,1,60
2023-01-26,8003632,8000807,20,20,216
2023-01-26,8003632,8001071,20,20,316
2023-01-26,8003632,8003632,40,40,265
2023-01-26,8003659,8002580,5,7,116
2023-01-26,8003659,8002585,33,40,196
2023-01-26,8003659,8003659,62,94,132
2023-01-26,8003659,8005507,33,47,94
2023-01-26,8003699,8002634,18,20,279
2023-01-26,8003699,8003699,33,40,184
2023-01-26,8003699,8005662,12,20,100
2023-01-26,8003705,8002507,16,20,76
2023-01-26,8003705,8003705,26,40,99
2023-01-26,8003957,8000871,35,37,203
2023-01-26,8003957,8001000,35,37,105
2023-01-26,8003957,8003545,19,20,802
2023-01-26,8003957,8003700,20,20,228
2023-01-26,8003957,8003957,107,114,264
2023-01-26,8004322,8000268,10,23,47
2023-01-26,8004322,8001713,16,20,152
2023-01-26,8004322,8001949,20,23,91
2023-01-26,8004322,8004322,57,86,91
2023-01-26,8004322,8004851,11,20,51
2023-01-26,8004709,8000093,17,18,377
2023-01-26,8004709,8004709,31,36,236
2023-01-26,8004709,8006104,15,18,135
2023-01-26,8004735,8001279,15,37,45
2023-01-26,8004735,8001687,32,37,150
2023-01-26,8004735,8004735,45,74,91
2023-01-26,8004851,8000268,7,20,33
2023-01-26,8004851,8004322,17,20,158
2023-01-26,8004851,8004851,24,40,98
2023-01-26,8005047,8002580,18,20,177
2023-01-26,8005047,8005047,28,40,140
2023-01-26,8005047,8005292,16,20,147
2023-01-26,8005104,8002812,14,18,227
2023-01-26,8005104,8005104,32,36,219
2023-01-26,8005104,8006091,17,18,198
2023-01-26,8005292,8000808,16,20,189
2023-01-26,8005292,8005047,12,20,135
2023-01-26,8005292,8005292,27,40,142
2023-01-26,8005507,8001393,31,40,159
2023-01-26,8005507,8003659,35,47,174
2023-01-26,8005507,8005507,62,80,155
2023-01-26,8005511,8000226,15,26,44
2023-01-26,8005511,8000488,19,26,98
2023-01-26,8005511,8005511,31,52,68
2023-01-26,8005662,8003286,17,20,148
2023-01-26,8005662,8003699,14,20,234
2023-01-26,8005662,8005662,33,40,170
2023-01-26,8005809,8000354,13,18,342
2023-01-26,8005809,8000810,1,1,270
2023-01-26,8005809,8001123,1,2,120
2023-01-26,8005809,8003292,15,19,207
2023-01-26,8005809,8005809,30,40,256
2023-01-26,8005929,8000354,17,20,183
2023-01-26,8005929,8000807,11,20,254
2023-01-26,8005929,8005929,26,40,210
2023-01-26,8006089,8003545,54,83,117
2023-01-26,8006089,8006089,131,166,103
2023-01-26,8006089,8079097,71,83,105
2023-01-26,8006104,8001342,14,18,138
2023-01-26,8006104,8004709,14,18,327
2023-01-26,8006104,8006104,30,36,243
2023-01-26,8006336,8000342,5,6,50
2023-01-26,8006336,8000812,6,6,160
2023-01-26,8006336,8001675,37,38,223
2023-01-26,8006336,8003635,30,38,125
2023-01-26,8006336,8006336,73,88,147
2023-01-26,8006358,8000759,11,19,104
2023-01-26,8006358,8002405,16,18,247
2023-01-26,8006358,8002830,1,1,240
2023-01-26,8006358,8006358,29,38,162
2023-01-26,8006482,8000797,35,38,277
2023-01-26,8006482,8000812,26,38,117
2023-01-26,8006482,8006482,62,76,184
2023-01-26,8070086,8000489,17,17,106
2023-01-26,8070086,8000578,11,40,21
2023-01-26,8070086,8002584,32,40,98
2023-01-26,8070086,8070086,83,114,68
2023-01-26,8079095,8002580,54,75,84
2023-01-26,8079095,8002585,19,40,77
2023-01-26,8079095,8079095,158,246,107
2023-01-26,8079095,8079097,49,83,108
2023-01-26,8079097,8006089,54,83,117
2023-01-26,8079097,8079095,54,83,83
2023-01-26,8079097,8079097,119,166,104
2023-01-27,8000022,8000022,58,76,209
2023-01-27,8000022,8000797,26,38,138
2023-01-27,8000022,8002634,30,38,269
2023-01-27,8000093,8000093,30,38,118
2023-01-27,8000093,8000282,9,18,88
2023-01-27,8000093,8000935,1,1,90
2023-01-27,8000093,8004709,7,18,72
2023-01-27,8000148,8000148,60,87,138
2023-01-27,8000148,8000725,17,38,88
2023-01-27,8000148,8001342,12,18,73
2023-01-27,8000148,8001777,27,27,213
2023-01-27,8000148,8002812,12,18,92
2023-01-27,8000148,8005638,6,7,240
2023-01-27,8000169,8000026,6,7,574
2023-01-27,8000169,8000169,24,26,667
2023-01-27,8000169,8001775,14,38,48
2023-01-27,8000169,8002607,14,26,70
2023-01-27,8000169,8002830,8,19,38
2023-01-27,8000226,8000226,62,80,97
2023-01-27,8000226,8000443,28,40,86
2023-01-27,8000226,8000489,11,20,69
2023-01-27,8000226,8005511,22,26,107
2023-01-27,8000268,8000268,86,126,142
2023-01-27,8000268,8001393,16,40,139
2023-01-27,8000268,8002634,16,20,267
2023-01-27,8000268,8004322,16,23,77
2023-01-27,8000268,8004851,19,20,200
2023-01-27,8000282,8000093,15,18,112
2023-01-27,8000282,8000282,24,36,92
2023-01-27,8000282,8001775,11,18,110
2023-01-27,8000335,8000335,8,16,81
2023-01-27,8000335,8004777,3,8,15
2023-01-27,8000342,8000342,145,163,200
2023-01-27,8000342,8001781,4,6,85
2023-01-27,8000342,8002586,37,38,191
2023-01-27,8000342,8002969,35,37,198
2023-01-27,8000342,8003635,25,38,235
2023-01-27,8000342,8005160,28,38,197
2023-01-27,8000342,8006336,6,6,190
2023-01-27,8000354,8000354,33,40,123
2023-01-27,8000354,8001123,1,1,120
2023-01-27,8000354,8005809,17,19,126
2023-01-27,8000354,8005929,14,20,94
2023-01-27,8000443,8000226,32,40,104
2023-01-27,8000443,8000443,59,80,84
2023-01-27,8000443,8000578,29,40,93
2023-01-27,8000483,8000093,2,2,150
2023-01-27,8000483,8000483,1,2,150
2023-01-27,8000488,8000488,30,52,79
2023-01-27,8000488,8002607,18,26,90
2023-01-27,8000488,8005511,10,26,57
2023-01-27,8000489,8000226,16,20,111
2023-01-27,8000489,8000489,45,74,119
2023-01-27,8000489,8001279,27,37,118
2023-01-27,8000489,8070086,15,17,214
2023-01-27,8000578,8000443,23,40,65
2023-01-27,8000578,8000578,47,80,66
2023-01-27,8000578,8070086,23,40,75
2023-01-27,8000740,8000740,18,38,36
2023-01-27,8000740,8000759,9,19,33
2023-01-27,8000740,8001048,10,19,44
2023-01-27,8000759,8000740,8,19,30
2023-01-27,8000759,8000759,13,38,28
2023-01-27,8000759,8006358,5,19,24
2023-01-27,8000797,8000022,37,38,308
2023-01-27,8000797,8000797,64,76,229
2023-01-27,8000797,8006482,26,38,173
2023-01-27,8000807,8000807,32,40,106
2023-01-27,8000807,8003632,15,20,141
2023-01-27,8000807,8005929,19,20,111
2023-01-27,8000808,8000808,29,40,166
2023-01-27,8000808,8001775,15,20,214
2023-01-27,8000808,8005292,13,20,132
2023-01-27,8000810,8000810,3,3,70
2023-01-27,8000810,8003292,1,1,150
2023-01-27,8000810,8005809,2,2,90
2023-01-27,8000812,8000812,65,76,235
2023-01-27,8000812,8003267,28,38,178
2023-01-27,8000812,8006336,4,6,80
2023-01-27,8000812,8006482,35,38,281
2023-01-27,8000871,8003957,18,37,115
2023-01-27,8001000,8001000,71,73,185
2023-01-27,8001000,8003165,35,37,177
2023-01-27,8001000,8003957,35,36,227
2023-01-27,8001048,8000740,7,19,36
2023-01-27,8001123,8000354,2,2,165
2023-01-27,8001123,8001123,3,3,120
2023-01-27,8001123,8005809,1,1,90
2023-01-27,8001245,8001245,32,40,248
2023-01-27,8001245,8003286,15,20,224
2023-01-27,8001279,8000489,15,37,111
2023-01-27,8001279,8001279,41,74,114
2023-01-27,8001279,8004735,24,37,112
2023-01-27,8001342,8000148,12,18,95
2023-01-27,8001342,8001342,29,36,100
2023-01-27,8001342,8006104,17,18,122
2023-01-27,8001393,8000268,31,40,222
2023-01-27,8001393,8001393,46,80,178
2023-01-27,8001393,8005507,13,40,136
2023-01-27,8001561,8001157,1,1,120
2023-01-27,8001561,8001561,2,3,60
2023-01-27,8001561,8003292,1,2,30
2023-01-27,8001675,8001675,65,76,242
2023-01-27,8001675,8003267,33,38,297
2023-01-27,8001675,8006336,30,38,186
2023-01-27,8001713,8001713,18,40,77
2023-01-27,8001713,8002507,13,20,136
2023-01-27,8001713,8004322,5,20,12
2023-01-27,8001775,8000169,36,38,202
2023-01-27,8001775,8000282,12,18,65
2023-01-27,8001775,8000808,8,20,63
2023-01-27,8001775,8001775,54,76,116
2023-01-27,8001949,8001489,13,23,142
2023-01-27,8001949,8001949,27,46,84
2023-01-27,8001949,8004322,17,23,59
2023-01-27,8002405,8002405,26,37,49
2023-01-27,8002405,8002830,6,18,28
2023-01-27,8002405,8006358,10,19,46
2023-01-27,8002507,8001713,4,20,12
2023-01-27,8002507,8002507,19,40,80
2023-01-27,8002507,8003705,13,20,136
2023-01-27,8002580,8002580,183,217,203
2023-01-27,8002580,8002586,75,88,225
2023-01-27,8002580,8003659,5,7,189
2023-01-27,8002580,8005047,16,20,210
2023-01-27,8002580,8079095,65,75,182
2023-01-27,8002584,8002584,43,80,62
2023-01-27,8002584,8070086,26,40,48
2023-01-27,8002585,8002585,42,80,150
2023-01-27,8002585,8003659,21,40,158
2023-01-27,8002585,8079095,22,40,157
2023-01-27,8002586,8000342,34,37,199
2023-01-27,8002586,8001781,2,6,150
2023-01-27,8002586,8002580,70,89,203
2023-01-27,8002586,8002581,23,38,239
2023-01-27,8002586,8002586,140,177,209
2023-01-27,8002586,8005638,4,7,210
2023-01-27,8002589,8003542,45,46,89
2023-01-27,8002607,8000169,12,26,88
2023-01-27,8002607,8000488,13,26,68
2023-01-27,8002607,8002607,26,52,77
2023-01-27,8002634,8000022,17,38,118
2023-01-27,8002634,8000268,13,20,330
2023-01-27,8002634,8002634,31,40,275
2023-01-27,8002634,8003699,15,20,162
2023-01-27,8002812,8000148,14,19,114
2023-01-27,8002812,8002812,31,37,106
2023-01-27,8002812,8005104,16,18,112
2023-01-27,8002830,8000169,14,19,65
2023-01-27,8002830,8002405,8,19,39
2023-01-27,8002830,8002830,17,38,39
2023-01-27,8003267,8000812,35,38,293
2023-01-27,8003267,8001675,35,38,197
2023-01-27,8003267,8003267,70,76,249
2023-01-27,8003286,8001245,16,20,302
2023-01-27,8003286,8003286,33,40,283
2023-01-27,8003286,8005662,17,20,242
2023-01-27,8003292,8000810,1,2,45
2023-01-27,8003292,8001561,1,1,120
2023-01-27,8003292,8003292,27,40,116
2023-01-27,8003292,8004702,7,8,52
2023-01-27,8003292,8005809,9,18,110
2023-01-27,8003542,8002589,39,46,179
2023-01-27,8003542,8003165,33,36,158
2023-01-27,8003542,8003542,148,165,154
2023-01-27,8003542,8003545,63,83,123
2023-01-27,8003545,8003542,69,82,168
2023-01-27,8003545,8003545,166,206,184
2023-01-27,8003545,8003957,20,20,206
2023-01-27,8003545,8006089,66,83,125
2023-01-27,8003545,8012762,0,1,0
2023-01-27,8003632,8000807,20,20,104
2023-01-27,8003632,8001071,19,20,176
2023-01-27,8003632,8003632,39,40,140
2023-01-27,8003659,8002580,5,7,163
2023-01-27,8003659,8002585,19,40,152
2023-01-27,8003659,8003659,51,94,156
2023-01-27,8003659,8005507,32,47,168
2023-01-27,8003699,8002634,14,20,358
2023-01-27,8003699,8003699,29,40,256
2023-01-27,8003699,8005662,13,20,136
2023-01-27,8003705,8002507,14,20,39
2023-01-27,8003705,8003705,25,40,77
2023-01-27,8003957,8000871,35,36,224
2023-01-27,8003957,8001000,36,37,179
2023-01-27,8003957,8003545,19,20,524
2023-01-27,8003957,8003700,20,20,252
2023-01-27,8003957,8003957,109,113,256
2023-01-27,8004322,8000268,10,23,14
2023-01-27,8004322,8001713,14,20,159
2023-01-27,8004322,8001949,18,23,63
2023-01-27,8004322,8004322,48,86,74
2023-01-27,8004322,8004851,4,20,14
2023-01-27,8004709,8000093,16,18,175
2023-01-27,8004709,8004709,27,36,117
2023-01-27,8004709,8006104,14,18,100
2023-01-27,8004735,8001279,15,37,109
2023-01-27,8004735,8001687,33,37,135
2023-01-27,8004735,8004735,50,74,119
2023-01-27,8004851,8000268,2,20,4
2023-01-27,8004851,8004322,16,20,171
2023-01-27,8004851,8004851,18,40,89
2023-01-27,8005047,8002580,20,20,183
2023-01-27,8005047,8005047,27,40,170
2023-01-27,8005047,8005292,16,20,206
2023-01-27,8005104,8002812,15,19,84
2023-01-27,8005104,8005104,25,37,83
2023-01-27,8005104,8006091,11,18,85
2023-01-27,8005292,8000808,15,20,222
2023-01-27,8005292,8005047,13,20,144
2023-01-27,8005292,8005292,28,40,171
2023-01-27,8005507,8001393,32,40,226
2023-01-27,8005507,8003659,22,47,152
2023-01-27,8005507,8005507,52,80,173
2023-01-27,8005511,8000226,14,26,82
2023-01-27,8005511,8000488,20,26,99
2023-01-27,8005511,8005511,31,52,91
2023-01-27,8005662,8003286,18,20,267
2023-01-27,8005662,8003699,12,20,300
2023-01-27,8005662,8005662,29,40,209
2023-01-27,8005809,8000354,14,18,133
2023-01-27,8005809,8000810,1,1,90
2023-01-27,8005809,8001123,2,2,105
2023-01-27,8005809,8003292,15,19,126
2023-01-27,8005809,8005809,32,40,121
2023-01-27,8005929,8000354,15,20,96
2023-01-27,8005929,8000807,9,20,72
2023-01-27,8005929,8005929,23,40,77
2023-01-27,8006089,8003545,65,82,172
2023-01-27,8006089,8006089,144,165,155
2023-01-27,8006089,8079097,72,83,146
2023-01-27,8006104,8001342,9,18,113
2023-01-27,8006104,8004709,14,18,132
2023-01-27,8006104,8006104,30,36,119
2023-01-27,8006336,8000342,4,6,70
2023-01-27,8006336,8000812,6,6,245
2023-01-27,8006336,8001675,37,38,293
2023-01-27,8006336,8003635,28,38,177
2023-01-27,8006336,8006336,71,88,209
2023-01-27,8006358,8000759,7,19,30
2023-01-27,8006358,8002405,16,18,60
2023-01-27,8006358,8002830,1,1,30
2023-01-27,8006358,8006358,18,38,37
2023-01-27,8006482,8000797,32,38,281
2023-01-27,8006482,8000812,29,38,191
2023-01-27,8006482,8006482,61,76,229
2023-01-27,8070086,8000489,16,17,139
2023-01-27,8070086,8000578,11,40,31
2023-01-27,8070086,8002584,28,40,90
2023-01-27,8070086,8070086,83,114,97
2023-01-27,8079095,8002580,59,74,144
2023-01-27,8079095,8002585,22,40,148
2023-01-27,8079095,8079095,192,245,149
2023-01-27,8079095,8079097,72,82,172
2023-01-27,8079097,8006089,74,82,184
2023-01-27,8079097,8079095,63,83,125
2023-01-27,8079097,8079097,146,165,157
2023-01-28,8000022,8000022,44,79,85
2023-01-28,8000022,8000797,22,39,96
2023-01-28,8000022,8002634,21,40,62
2023-01-28,8000093,8000093,28,36,152
2023-01-28,8000093,8000282,8,18,42
2023-01-28,8000093,8004709,6,18,133
2023-01-28,8000148,8000148,38,73,128
2023-01-28,8000148,8000725,11,39,38
2023-01-28,8000148,8001342,11,18,182
2023-01-28,8000148,8001777,16,21,173
2023-01-28,8000148,8002812,8,17,176
2023-01-28,8000169,8000026,4,5,312
2023-01-28,8000169,8000169,22,25,277
2023-01-28,8000169,8001775,10,38,103
2023-01-28,8000169,8002607,6,20,28
2023-01-28,8000169,8002830,4,17,12
2023-01-28,8000169,8005292,1,3,240
2023-01-28,8000226,8000226,50,79,70
2023-01-28,8000226,8000443,17,39,55
2023-01-28,8000226,8000489,15,24,88
2023-01-28,8000226,8005511,15,19,82
2023-01-28,8000268,8000268,78,131,119
2023-01-28,8000268,8001393,16,40,88
2023-01-28,8000268,8002634,10,22,78
2023-01-28,8000268,8004322,16,20,105
2023-01-28,8000268,8004851,17,24,174
2023-01-28,8000282,8000093,16,18,210
2023-01-28,8000282,8000282,27,36,111
2023-01-28,8000282,8001775,12,18,52
2023-01-28,8000335,8000335,11,16,294
2023-01-28,8000335,8004777,6,8,184
2023-01-28,8000342,8000342,98,157,97
2023-01-28,8000342,8002586,27,39,63
2023-01-28,8000342,8002969,23,39,135
2023-01-28,8000342,8003635,11,40,56
2023-01-28,8000342,8005160,26,39,106
2023-01-28,8000354,8000354,26,40,114
2023-01-28,8000354,8001123,1,1,120
2023-01-28,8000354,8005809,9,19,47
2023-01-28,8000354,8005929,16,20,132
2023-01-28,8000443,8000226,29,40,78
2023-01-28,8000443,8000443,48,79,57
2023-01-28,8000443,8000578,21,39,59
2023-01-28,8000488,8000488,13,39,36
2023-01-28,8000488,8002607,10,19,51
2023-01-28,8000488,8005511,2,20,9
2023-01-28,8000489,8000226,9,23,63
2023-01-28,8000489,8000489,49,79,85
2023-01-28,8000489,8001279,32,40,110
2023-01-28,8000489,8070086,12,16,105
2023-01-28,8000578,8000443,24,40,51
2023-01-28,8000578,8000578,37,79,44
2023-01-28,8000578,8070086,11,39,38
2023-01-28,8000740,8000740,18,34,24
2023-01-28,8000740,8000759,8,17,21
2023-01-28,8000740,8001048,12,17,39
2023-01-28,8000759,8000740,8,17,19
2023-01-28,8000759,8000759,11,34,14
2023-01-28,8000759,8006358,3,17,16
2023-01-28,8000797,8000022,33,40,94
2023-01-28,8000797,8000797,50,79,97
2023-01-28,8000797,8006482,15,39,83
2023-01-28,8000807,8000807,27,40,130
2023-01-28,8000807,8003632,14,20,276
2023-01-28,8000807,8005929,15,20,86
2023-01-28,8000808,8000808,22,44,139
2023-01-28,8000808,8001775,11,24,168
2023-01-28,8000808,8005292,11,20,104
2023-01-28,8000810,8000810,3,3,90
2023-01-28,8000810,8003292,1,1,90
2023-01-28,8000810,8005809,2,2,150
2023-01-28,8000812,8000812,45,79,84
2023-01-28,8000812,8003267,18,39,93
2023-01-28,8000812,8006482,24,40,87
2023-01-28,8000871,8003957,14,38,147
2023-01-28,8001000,8001000,69,73,167
2023-01-28,8001000,8003165,27,35,188
2023-01-28,8001000,8003957,34,38,164
2023-01-28,8001048,8000740,3,17,11
2023-01-28,8001123,8000354,2,2,210
2023-01-28,8001123,8001123,3,3,150
2023-01-28,8001123,8005809,1,1,60
2023-01-28,8001245,8001245,25,44,74
2023-01-28,8001245,8003286,15,22,134
2023-01-28,8001279,8000489,13,39,49
2023-01-28,8001279,8001279,43,79,80
2023-01-28,8001279,8004735,26,40,92
2023-01-28,8001342,8000148,12,18,135
2023-01-28,8001342,8001342,25,36,158
2023-01-28,8001342,8006104,13,18,197
2023-01-28,8001393,8000268,28,44,117
2023-01-28,8001393,8001393,41,84,92
2023-01-28,8001393,8005507,16,40,81
2023-01-28,8001561,8001157,1,1,60
2023-01-28,8001561,8001561,2,3,50
2023-01-28,8001561,8003292,1,2,60
2023-01-28,8001675,8001675,48,79,90
2023-01-28,8001675,8003267,20,40,71
2023-01-28,8001675,8006336,27,39,108
2023-01-28,8001713,8001713,22,46,132
2023-01-28,8001713,8002507,13,24,176
2023-01-28,8001713,8004322,9,22,86
2023-01-28,8001775,8000169,31,42,132
2023-01-28,8001775,8000282,13,18,150
2023-01-28,8001775,8000808,4,20,82
2023-01-28,8001775,8001775,47,80,117
2023-01-28,8001949,8001489,14,22,90
2023-01-28,8001949,8001949,26,44,122
2023-01-28,8001949,8003705,1,1,240
2023-01-28,8001949,8004322,12,21,161
2023-01-28,8002405,8002405,20,34,35
2023-01-28,8002405,8002830,8,17,41
2023-01-28,8002405,8006358,4,17,11
2023-01-28,8002507,8001713,9,22,85
2023-01-28,8002507,8002507,23,46,140
2023-01-28,8002507,8003705,12,24,171
2023-01-28,8002580,8002580,129,197,99
2023-01-28,8002580,8002586,56,79,117
2023-01-28,8002580,8005047,15,20,171
2023-01-28,8002580,8079095,38,72,68
2023-01-28,8002584,8002584,39,79,52
2023-01-28,8002584,8070086,28,40,48
2023-01-28,8002585,8002585,36,84,68
2023-01-28,8002585,8003659,18,44,77
2023-01-28,8002585,8079095,17,40,68
2023-01-28,8002586,8000342,26,39,126
2023-01-28,8002586,8002580,47,78,76
2023-01-28,8002586,8002581,15,40,70
2023-01-28,8002586,8002586,101,157,92
2023-01-28,8002589,8003542,41,46,85
2023-01-28,8002607,8000169,8,19,44
2023-01-28,8002607,8000488,3,20,15
2023-01-28,8002607,8002607,14,39,33
2023-01-28,8002634,8000022,18,39,88
2023-01-28,8002634,8000268,9,22,166
2023-01-28,8002634,8002634,19,44,114
2023-01-28,8002634,8003699,10,22,64
2023-01-28,8002812,8000148,11,17,173
2023-01-28,8002812,8002812,23,34,184
2023-01-28,8002812,8005104,12,17,199
2023-01-28,8002830,8000169,12,17,95
2023-01-28,8002830,8002405,6,17,14
2023-01-28,8002830,8002830,13,34,38
2023-01-28,8003267,8000812,20,40,62
2023-01-28,8003267,8001675,34,39,118
2023-01-28,8003267,8003267,54,79,93
2023-01-28,8003286,8001245,8,22,49
2023-01-28,8003286,8003286,25,44,110
2023-01-28,8003286,8005662,17,22,154
2023-01-28,8003292,8000810,2,2,90
2023-01-28,8003292,8001561,1,1,60
2023-01-28,8003292,8003292,23,40,107
2023-01-28,8003292,8004702,4,8,22
2023-01-28,8003292,8005809,10,18,158
2023-01-28,8003542,8002589,33,46,52
2023-01-28,8003542,8003165,24,38,99
2023-01-28,8003542,8003542,116,165,105
2023-01-28,8003542,8003545,50,81,131
2023-01-28,8003545,8003542,52,84,70
2023-01-28,8003545,8003545,129,204,156
2023-01-28,8003545,8003957,17,18,138
2023-01-28,8003545,8006089,46,81,134
2023-01-28,8003545,8079095,2,3,220
2023-01-28,8003632,8000807,20,20,111
2023-01-28,8003632,8001071,16,20,354
2023-01-28,8003632,8003632,36,40,230
2023-01-28,8003659,8002585,18,40,74
2023-01-28,8003659,8003659,41,84,76
2023-01-28,8003659,8005507,21,44,74
2023-01-28,8003699,8002634,12,22,166
2023-01-28,8003699,8003699,22,44,117
2023-01-28,8003699,8005662,8,22,53
2023-01-28,8003705,8001949,2,2,90
2023-01-28,8003705,8002507,15,22,104
2023-01-28,8003705,8003705,25,46,123
2023-01-28,8003957,8000871,32,38,157
2023-01-28,8003957,8001000,35,35,210
2023-01-28,8003957,8003545,19,21,620
2023-01-28,8003957,8003700,17,18,185
2023-01-28,8003957,8003957,99,112,253
2023-01-28,8004322,8000268,12,21,141
2023-01-28,8004322,8001713,15,24,185
2023-01-28,8004322,8001949,15,20,94
2023-01-28,8004322,8004322,53,87,140
2023-01-28,8004322,8004851,10,22,102
2023-01-28,8004709,8000093,12,18,220
2023-01-28,8004709,8004709,22,36,169
2023-01-28,8004709,8006104,16,18,152
2023-01-28,8004735,8001279,12,39,58
2023-01-28,8004735,8001687,33,40,111
2023-01-28,8004735,8004735,45,79,82
2023-01-28,8004851,8000268,9,22,86
2023-01-28,8004851,8004322,16,24,170
2023-01-28,8004851,8004851,22,46,130
2023-01-28,8005047,8002580,19,20,132
2023-01-28,8005047,8005047,23,44,151
2023-01-28,8005047,8005292,14,24,185
2023-01-28,8005104,8002812,12,17,166
2023-01-28,8005104,8005104,22,34,178
2023-01-28,8005104,8006091,10,17,178
2023-01-28,8005292,8000808,10,24,168
2023-01-28,8005292,8005047,9,20,104
2023-01-28,8005292,8005292,20,47,142
2023-01-28,8005292,8079095,2,3,220
2023-01-28,8005507,8001393,23,44,98
2023-01-28,8005507,8003659,24,40,85
2023-01-28,8005507,8005507,47,84,86
2023-01-28,8005511,8000226,6,20,24
2023-01-28,8005511,8000488,13,19,66
2023-01-28,8005511,8005511,20,39,50
2023-01-28,8005662,8003286,9,22,65
2023-01-28,8005662,8003699,11,22,164
2023-01-28,8005662,8005662,21,44,105
2023-01-28,8005809,8000354,15,18,178
2023-01-28,8005809,8000810,1,1,30
2023-01-28,8005809,8001123,2,2,165
2023-01-28,8005809,8003292,10,19,58
2023-01-28,8005809,8005809,28,40,109
2023-01-28,8005929,8000354,8,20,56
2023-01-28,8005929,8000807,8,20,99
2023-01-28,8005929,8005929,15,40,76
2023-01-28,8006089,8003545,46,84,72
2023-01-28,8006089,8006089,116,165,108
2023-01-28,8006089,8079097,62,81,154
2023-01-28,8006104,8001342,8,18,117
2023-01-28,8006104,8004709,11,18,175
2023-01-28,8006104,8006104,28,36,163
2023-01-28,8006336,8001675,31,40,87
2023-01-28,8006336,8003635,17,39,95
2023-01-28,8006336,8006336,52,79,87
2023-01-28,8006358,8000759,7,17,14
2023-01-28,8006358,8002405,13,17,60
2023-01-28,8006358,8006358,16,34,26
2023-01-28,8006482,8000797,29,40,100
2023-01-28,8006482,8000812,19,39,99
2023-01-28,8006482,8006482,48,79,92
2023-01-28,8070086,8000489,16,16,137
2023-01-28,8070086,8000578,11,40,27
2023-01-28,8070086,8002584,23,39,64
2023-01-28,8070086,8070086,76,111,66
2023-01-28,8079095,8002580,34,71,125
2023-01-28,8079095,8002585,18,44,66
2023-01-28,8079095,8005047,3,3,220
2023-01-28,8079095,8079095,136,252,91
2023-01-28,8079095,8079097,51,84,72
2023-01-28,8079097,8006089,52,84,79
2023-01-28,8079097,8079095,47,81,133
2023-01-28,8079097,8079097,111,165,111
2023-01-29,8000022,8000022,22,53,61
2023-01-29,8000022,8000797,13,26,46
2023-01-29,8000022,8002634,9,27,67
2023-01-29,8000093,8000093,17,30,142
2023-01-29,8000093,8000282,3,15,166
2023-01-29,8000093,8004709,0,15,0
2023-01-29,8000148,8000148,23,64,91
2023-01-29,8000148,8000725,8,28,92
2023-01-29,8000148,8001342,5,15,208
2023-01-29,8000148,8001777,17,18,50
2023-01-29,8000148,8002812,2,16,71
2023-01-29,8000169,8000026,2,5,414
2023-01-29,8000169,8000169,22,27,282
2023-01-29,8000169,8001775,13,34,44
2023-01-29,8000169,8002607,8,18,35
2023-01-29,8000169,8002830,7,15,90
2023-01-29,8000169,8005292,2,3,580
2023-01-29,8000226,8000226,36,72,69
2023-01-29,8000226,8000443,9,36,26
2023-01-29,8000226,8000489,10,23,44
2023-01-29,8000226,8005511,11,19,139
2023-01-29,8000268,8000268,85,125,135
2023-01-29,8000268,8001393,16,37,115
2023-01-29,8000268,8002634,12,21,114
2023-01-29,8000268,8004322,14,20,94
2023-01-29,8000268,8004851,18,22,74
2023-01-29,8000282,8000093,12,15,128
2023-01-29,8000282,8000282,14,30,134
2023-01-29,8000282,8001775,4,15,172
2023-01-29,8000335,8000335,8,14,88
2023-01-29,8000335,8004777,1,7,17
2023-01-29,8000342,8000342,76,109,102
2023-01-29,8000342,8002586,21,28,117
2023-01-29,8000342,8002969,20,28,104
2023-01-29,8000342,8003635,12,27,99
2023-01-29,8000342,8005160,11,26,57
2023-01-29,8000354,8000354,22,36,98
2023-01-29,8000354,8005809,13,18,153
2023-01-29,8000354,8005929,7,18,15
2023-01-29,8000443,8000226,22,36,105
2023-01-29,8000443,8000443,38,72,58
2023-01-29,8000443,8000578,19,36,41
2023-01-29,8000488,8000488,12,37,82
2023-01-29,8000488,8002607,7,19,134
2023-01-29,8000488,8005511,4,18,15
2023-01-29,8000489,8000226,10,22,48
2023-01-29,8000489,8000489,34,77,37
2023-01-29,8000489,8001279,26,39,61
2023-01-29,8000489,8070086,7,16,19
2023-01-29,8000578,8000443,16,36,77
2023-01-29,8000578,8000578,30,72,50
2023-01-29,8000578,8070086,10,36,25
2023-01-29,8000740,8000740,15,30,98
2023-01-29,8000740,8000759,7,15,96
2023-01-29,8000740,8001048,8,15,96
2023-01-29,8000759,8000740,6,15,82
2023-01-29,8000759,8000759,11,30,79
2023-01-29,8000759,8006358,5,15,72
2023-01-29,8000797,8000022,18,27,99
2023-01-29,8000797,8000797,27,53,74
2023-01-29,8000797,8006482,7,26,27
2023-01-29,8000807,8000807,21,36,88
2023-01-29,8000807,8003632,10,17,46
2023-01-29,8000807,8005929,14,18,143
2023-01-29,8000808,8000808,23,41,119
2023-01-29,8000808,8001775,14,22,170
2023-01-29,8000808,8005292,7,19,39
2023-01-29,8000810,8000810,2,2,45
2023-01-29,8000810,8005809,2,2,45
2023-01-29,8000812,8000812,26,53,71
2023-01-29,8000812,8003267,8,26,32
2023-01-29,8000812,8006482,16,27,113
2023-01-29,8000871,8003957,12,21,114
2023-01-29,8001000,8001000,39,41,218
2023-01-29,8001000,8003165,14,18,133
2023-01-29,8001000,8003957,21,23,300
2023-01-29,8001048,8000740,6,15,108
2023-01-29,8001123,8000354,2,2,60
2023-01-29,8001123,8001123,2,2,30
2023-01-29,8001245,8001245,21,42,97
2023-01-29,8001245,8003286,10,21,156
2023-01-29,8001279,8000489,5,38,10
2023-01-29,8001279,8001279,30,77,38
2023-01-29,8001279,8004735,19,39,52
2023-01-29,8001342,8000148,6,15,94
2023-01-29,8001342,8001342,15,30,158
2023-01-29,8001342,8006104,9,15,242
2023-01-29,8001393,8000268,28,41,84
2023-01-29,8001393,8001393,45,78,97
2023-01-29,8001393,8005507,19,37,114
2023-01-29,8001561,8001561,2,2,30
2023-01-29,8001561,8003292,1,2,30
2023-01-29,8001675,8001675,30,53,85
2023-01-29,8001675,8003267,17,27,113
2023-01-29,8001675,8006336,12,26,44
2023-01-29,8001713,8001713,22,42,76
2023-01-29,8001713,8002507,13,22,72
2023-01-29,8001713,8004322,9,20,80
2023-01-29,8001775,8000169,32,37,199
2023-01-29,8001775,8000282,8,15,84
2023-01-29,8001775,8000808,5,19,33
2023-01-29,8001775,8001775,42,71,121
2023-01-29,8001949,8001489,17,22,65
2023-01-29,8001949,8001949,29,44,152
2023-01-29,8001949,8003705,0,1,0
2023-01-29,8001949,8004322,13,21,300
2023-01-29,8002405,8002405,18,30,98
2023-01-29,8002405,8002830,6,15,84
2023-01-29,8002405,8006358,6,15,90
2023-01-29,8002507,8001713,9,20,80
2023-01-29,8002507,8002507,25,42,89
2023-01-29,8002507,8003705,14,22,78
2023-01-29,8002580,8002580,87,138,102
2023-01-29,8002580,8002586,38,55,104
2023-01-29,8002580,8005047,14,18,103
2023-01-29,8002580,8079095,23,48,114
2023-01-29,8002584,8002584,29,72,55
2023-01-29,8002584,8070086,22,36,79
2023-01-29,8002585,8002585,29,78,63
2023-01-29,8002585,8003659,11,41,28
2023-01-29,8002585,8079095,18,37,110
2023-01-29,8002586,8000342,19,27,86
2023-01-29,8002586,8002580,28,54,84
2023-01-29,8002586,8002581,9,28,94
2023-01-29,8002586,8002586,66,109,91
2023-01-29,8002589,8003542,42,46,52
2023-01-29,8002607,8000169,7,19,131
2023-01-29,8002607,8000488,5,18,25
2023-01-29,8002607,8002607,15,37,82
2023-01-29,8002634,8000022,5,26,36
2023-01-29,8002634,8000268,11,21,159
2023-01-29,8002634,8002634,20,42,121
2023-01-29,8002634,8003699,7,21,56
2023-01-29,8002812,8000148,10,15,224
2023-01-29,8002812,8002812,14,31,130
2023-01-29,8002812,8005104,7,16,120
2023-01-29,8002830,8000169,9,15,130
2023-01-29,8002830,8002405,6,15,94
2023-01-29,8002830,8002830,14,30,97
2023-01-29,8003267,8000812,16,27,102
2023-01-29,8003267,8001675,19,26,58
2023-01-29,8003267,8003267,35,53,84
2023-01-29,8003286,8001245,10,21,70
2023-01-29,8003286,8003286,23,42,129
2023-01-29,8003286,8005662,13,21,173
2023-01-29,8003292,8000810,2,2,30
2023-01-29,8003292,8003292,19,36,92
2023-01-29,8003292,8004702,5,7,146
2023-01-29,8003292,8005809,5,16,30
2023-01-29,8003542,8002589,33,46,72
2023-01-29,8003542,8003165,15,23,256
2023-01-29,8003542,8003542,85,133,104
2023-01-29,8003542,8003545,26,64,62
2023-01-29,8003545,8003542,32,69,127
2023-01-29,8003545,8003545,79,173,98
2023-01-29,8003545,8003957,18,18,80
2023-01-29,8003545,8006089,31,64,69
2023-01-29,8003545,8079095,3,3,370
2023-01-29,8003632,8000807,17,18,137
2023-01-29,8003632,8001071,13,17,72
2023-01-29,8003632,8003632,29,35,90
2023-01-29,8003659,8002585,17,37,109
2023-01-29,8003659,8003659,36,78,70
2023-01-29,8003659,8005507,23,41,37
2023-01-29,8003699,8002634,11,21,180
2023-01-29,8003699,8003699,18,42,124
2023-01-29,8003699,8005662,7,21,57
2023-01-29,8003705,8001949,2,2,30
2023-01-29,8003705,8002507,13,20,112
2023-01-29,8003705,8003705,23,42,74
2023-01-29,8003957,8000871,19,23,295
2023-01-29,8003957,8001000,18,18,145
2023-01-29,8003957,8003545,15,21,164
2023-01-29,8003957,8003700,17,18,107
2023-01-29,8003957,8003957,67,80,184
2023-01-29,8004322,8000268,10,21,309
2023-01-29,8004322,8001713,16,22,89
2023-01-29,8004322,8001949,14,20,70
2023-01-29,8004322,8004322,51,83,153
2023-01-29,8004322,8004851,9,20,80
2023-01-29,8004709,8000093,9,15,282
2023-01-29,8004709,8004709,13,30,165
2023-01-29,8004709,8006104,9,15,106
2023-01-29,8004735,8001279,9,38,21
2023-01-29,8004735,8001687,25,39,72
2023-01-29,8004735,8004735,31,77,42
2023-01-29,8004851,8000268,6,20,68
2023-01-29,8004851,8004322,17,22,79
2023-01-29,8004851,8004851,20,42,66
2023-01-29,8005047,8002580,15,19,152
2023-01-29,8005047,8005047,23,41,142
2023-01-29,8005047,8005292,17,22,188
2023-01-29,8005104,8002812,7,15,110
2023-01-29,8005104,8005104,13,31,102
2023-01-29,8005104,8006091,5,16,114
2023-01-29,8005292,8000808,16,22,183
2023-01-29,8005292,8005047,8,19,60
2023-01-29,8005292,8005292,23,44,142
2023-01-29,8005292,8079095,3,3,680
2023-01-29,8005507,8001393,26,41,86
2023-01-29,8005507,8003659,26,37,121
2023-01-29,8005507,8005507,51,78,88
2023-01-29,8005511,8000226,7,18,25
2023-01-29,8005511,8000488,10,19,141
2023-01-29,8005511,8005511,16,37,84
2023-01-29,8005662,8003286,13,21,86
2023-01-29,8005662,8003699,11,21,181
2023-01-29,8005662,8005662,23,42,122
2023-01-29,8005809,8000354,11,16,52
2023-01-29,8005809,8001123,1,2,15
2023-01-29,8005809,8003292,12,18,162
2023-01-29,8005809,8005809,25,36,100
2023-01-29,8005929,8000354,11,18,147
2023-01-29,8005929,8000807,5,18,17
2023-01-29,8005929,8005929,16,36,67
2023-01-29,8006089,8003545,25,69,126
2023-01-29,8006089,8006089,72,133,104
2023-01-29,8006089,8079097,38,64,81
2023-01-29,8006104,8001342,2,15,82
2023-01-29,8006104,8004709,5,15,270
2023-01-29,8006104,8006104,14,30,179
2023-01-29,8006336,8001675,22,27,139
2023-01-29,8006336,8003635,8,26,37
2023-01-29,8006336,8006336,33,53,84
2023-01-29,8006358,8000759,6,15,82
2023-01-29,8006358,8002405,12,15,102
2023-01-29,8006358,8006358,12,30,83
2023-01-29,8006482,8000797,15,27,104
2023-01-29,8006482,8000812,10,26,40
2023-01-29,8006482,8006482,26,53,70
2023-01-29,8070086,8000489,11,16,54
2023-01-29,8070086,8000578,4,36,58
2023-01-29,8070086,8002584,20,36,44
2023-01-29,8070086,8070086,58,104,50
2023-01-29,8079095,8002580,23,46,85
2023-01-29,8079095,8002585,11,41,24
2023-01-29,8079095,8005047,3,3,510
2023-01-29,8079095,8079095,100,214,89
2023-01-29,8079095,8079097,33,69,127
2023-01-29,8079097,8006089,37,69,140
2023-01-29,8079097,8079095,26,64,68
2023-01-29,8079097,8079097,70,133,105
2023-01-30,8000022,8000022,62,76,162
2023-01-30,8000022,8000797,29,38,88
2023-01-30,8000022,8002634,33,38,220
2023-01-30,8000093,8000093,26,39,74
2023-01-30,8000093,8000282,5,18,50
2023-01-30,8000093,8000483,0,1,0
2023-01-30,8000093,8000935,1,1,90
2023-01-30,8000093,8004709,4,18,38
2023-01-30,8000148,8000148,44,86,58
2023-01-30,8000148,8000725,19,38,49
2023-01-30,8000148,8001342,6,18,32
2023-01-30,8000148,8001777,22,26,107
2023-01-30,8000148,8002812,5,18,20
2023-01-30,8000148,8005638,4,7,73
2023-01-30,8000169,8000026,5,7,253
2023-01-30,8000169,8000169,26,27,352
2023-01-30,8000169,8001775,13,38,69
2023-01-30,8000169,8002607,7,26,31
2023-01-30,8000169,8002830,4,19,22
2023-01-30,8000226,8000226,68,80,106
2023-01-30,8000226,8000443,27,40,90
2023-01-30,8000226,8000489,13,20,114
2023-01-30,8000226,8005511,23,26,88
2023-01-30,8000268,8000268,90,126,149
2023-01-30,8000268,8001393,21,40,189
2023-01-30,8000268,8002634,15,20,255
2023-01-30,8000268,8004322,19,23,60
2023-01-30,8000268,8004851,17,20,153
2023-01-30,8000282,8000093,18,18,187
2023-01-30,8000282,8000282,24,36,108
2023-01-30,8000282,8001775,9,18,92
2023-01-30,8000335,8000335,10,16,98
2023-01-30,8000335,8004777,8,8,109
2023-01-30,8000342,8000342,126,164,138
2023-01-30,8000342,8001781,2,6,20
2023-01-30,8000342,8002586,32,38,100
2023-01-30,8000342,8002969,29,38,111
2023-01-30,8000342,8003635,22,38,178
2023-01-30,8000342,8005160,32,38,163
2023-01-30,8000342,8006336,5,6,95
2023-01-30,8000354,8000354,24,40,106
2023-01-30,8000354,8001123,1,1,150
2023-01-30,8000354,8005809,12,19,73
2023-01-30,8000354,8005929,11,20,110
2023-01-30,8000443,8000226,33,40,114
2023-01-30,8000443,8000443,64,80,98
2023-01-30,8000443,8000578,34,40,113
2023-01-30,8000483,8000093,1,2,75
2023-01-30,8000483,8000213,0,1,0
2023-01-30,8000483,8000483,2,3,70
2023-01-30,8000488,8000488,19,52,44
2023-01-30,8000488,8002607,14,26,57
2023-01-30,8000488,8005511,4,26,22
2023-01-30,8000489,8000226,15,20,120
2023-01-30,8000489,8000489,56,74,99
2023-01-30,8000489,8001279,35,37,144
2023-01-30,8000489,8070086,16,17,78
2023-01-30,8000578,8000443,27,40,81
2023-01-30,8000578,8000578,56,80,82
2023-01-30,8000578,8070086,29,40,113
2023-01-30,8000740,8000740,19,38,19
2023-01-30,8000740,8000759,8,19,13
2023-01-30,8000740,8001048,13,19,33
2023-01-30,8000759,8000740,7,19,14
2023-01-30,8000759,8000759,12,38,12
2023-01-30,8000759,8006358,5,19,8
2023-01-30,8000797,8000022,38,38,261
2023-01-30,8000797,8000797,69,76,188
2023-01-30,8000797,8006482,28,38,137
2023-01-30,8000807,8000807,28,40,104
2023-01-30,8000807,8003632,16,20,141
2023-01-30,8000807,8005929,17,20,88
2023-01-30,8000808,8000808,24,40,96
2023-01-30,8000808,8001775,11,20,74
2023-01-30,8000808,8005292,13,20,108
2023-01-30,8000810,8000810,3,3,130
2023-01-30,8000810,8003292,1,1,90
2023-01-30,8000810,8005809,2,2,180
2023-01-30,8000812,8000812,67,76,193
2023-01-30,8000812,8003267,29,38,148
2023-01-30,8000812,8006336,3,6,15
2023-01-30,8000812,8006482,37,38,238
2023-01-30,8000871,8003957,12,37,58
2023-01-30,8001000,8001000,73,74,144
2023-01-30,8001000,8003165,34,37,119
2023-01-30,8001000,8003957,36,37,186
2023-01-30,8001048,8000740,4,19,9
2023-01-30,8001123,8000354,2,2,240
2023-01-30,8001123,8001123,3,3,190
2023-01-30,8001123,8005809,1,1,90
2023-01-30,8001245,8001245,31,40,139
2023-01-30,8001245,8003286,14,20,122
2023-01-30,8001279,8000489,18,37,47
2023-01-30,8001279,8001279,50,74,99
2023-01-30,8001279,8004735,30,37,143
2023-01-30,8001342,8000148,7,18,32
2023-01-30,8001342,8001342,15,36,17
2023-01-30,8001342,8006104,7,18,-45
2023-01-30,8001393,8000268,32,40,196
2023-01-30,8001393,8001393,50,80,189
2023-01-30,8001393,8005507,19,40,182
2023-01-30,8001561,8001157,1,1,30
2023-01-30,8001561,8001561,3,3,80
2023-01-30,8001561,8003292,2,2,120
2023-01-30,8001675,8001675,72,76,202
2023-01-30,8001675,8003267,34,38,239
2023-01-30,8001675,8006336,36,38,169
2023-01-30,8001713,8001713,21,40,98
2023-01-30,8001713,8002507,12,20,122
2023-01-30,8001713,8004322,9,20,75
2023-01-30,8001775,8000169,34,38,123
2023-01-30,8001775,8000282,13,18,110
2023-01-30,8001775,8000808,8,20,94
2023-01-30,8001775,8001775,53,76,96
2023-01-30,8001949,8001489,14,23,48
2023-01-30,8001949,8001949,29,46,55
2023-01-30,8001949,8004322,16,23,73
2023-01-30,8002405,8002405,20,38,28
2023-01-30,8002405,8002830,6,19,19
2023-01-30,8002405,8006358,4,19,16
2023-01-30,8002507,8001713,11,20,76
2023-01-30,8002507,8002507,26,40,109
2023-01-30,8002507,8003705,12,20,124
2023-01-30,8002580,8002580,174,218,141
2023-01-30,8002580,8002586,74,89,161
2023-01-30,8002580,8003659,5,7,99
2023-01-30,8002580,8005047,18,20,96
2023-01-30,8002580,8079095,53,76,128
2023-01-30,8002584,8002584,46,80,84
2023-01-30,8002584,8070086,25,40,45
2023-01-30,8002585,8002585,49,80,158
2023-01-30,8002585,8003659,20,40,135
2023-01-30,8002585,8079095,28,40,196
2023-01-30,8002586,8000342,26,37,110
2023-01-30,8002586,8001781,3,6,55
2023-01-30,8002586,8002580,65,89,137
2023-01-30,8002586,8002581,21,39,171
2023-01-30,8002586,8002586,132,178,138
2023-01-30,8002586,8005638,5,7,107
2023-01-30,8002589,8003542,40,46,47
2023-01-30,8002607,8000169,11,26,51
2023-01-30,8002607,8000488,7,26,30
2023-01-30,8002607,8002607,22,52,42
2023-01-30,8002634,8000022,22,38,76
2023-01-30,8002634,8000268,11,20,314
2023-01-30,8002634,8002634,28,40,256
2023-01-30,8002634,8003699,18,20,164
2023-01-30,8002812,8000148,14,18,50
2023-01-30,8002812,8002812,21,36,38
2023-01-30,8002812,8005104,10,18,37
2023-01-30,8002830,8000169,8,19,43
2023-01-30,8002830,8002405,5,19,17
2023-01-30,8002830,8002830,11,38,23
2023-01-30,8003267,8000812,37,38,240
2023-01-30,8003267,8001675,37,38,174
2023-01-30,8003267,8003267,74,76,212
2023-01-30,8003286,8001245,14,20,153
2023-01-30,8003286,8003286,29,40,149
2023-01-30,8003286,8005662,15,20,129
2023-01-30,8003292,8000810,2,2,150
2023-01-30,8003292,8001561,1,1,30
2023-01-30,8003292,8003292,23,40,98
2023-01-30,8003292,8004702,7,8,90
2023-01-30,8003292,8005809,7,18,102
2023-01-30,8003542,8002589,32,46,106
2023-01-30,8003542,8003165,30,37,142
2023-01-30,8003542,8003542,126,166,103
2023-01-30,8003542,8003545,50,83,72
2023-01-30,8003545,8003542,52,83,118
2023-01-30,8003545,8003545,133,207,191
2023-01-30,8003545,8003957,18,20,278
2023-01-30,8003545,8006089,49,83,74
2023-01-30,8003545,8012762,1,1,30
2023-01-30,8003632,8000807,19,19,118
2023-01-30,8003632,8001071,19,20,202
2023-01-30,8003632,8003632,38,39,151
2023-01-30,8003659,8002580,4,7,86
2023-01-30,8003659,8002585,27,40,186
2023-01-30,8003659,8003659,59,94,151
2023-01-30,8003659,8005507,36,47,142
2023-01-30,8003699,8002634,11,20,332
2023-01-30,8003699,8003699,29,40,244
2023-01-30,8003699,8005662,13,20,136
2023-01-30,8003705,8002507,18,20,116
2023-01-30,8003705,8003705,30,40,106
2023-01-30,8003957,8000871,35,37,207
2023-01-30,8003957,8001000,37,37,124
2023-01-30,8003957,8003545,17,20,921
2023-01-30,8003957,8003700,17,20,350
2023-01-30,8003957,8003957,103,114,306
2023-01-30,8004322,8000268,11,23,48
2023-01-30,8004322,8001713,15,20,132
2023-01-30,8004322,8001949,14,23,48
2023-01-30,8004322,8004322,51,86,88
2023-01-30,8004322,8004851,10,20,76
2023-01-30,8004709,8000093,11,18,38
2023-01-30,8004709,8004709,15,36,39
2023-01-30,8004709,8006104,9,18,48
2023-01-30,8004735,8001279,19,37,44
2023-01-30,8004735,8001687,35,37,185
2023-01-30,8004735,8004735,53,74,102
2023-01-30,8004851,8000268,9,20,64
2023-01-30,8004851,8004322,15,20,142
2023-01-30,8004851,8004851,22,40,100
2023-01-30,8005047,8002580,20,20,208
2023-01-30,8005047,8005047,23,40,121
2023-01-30,8005047,8005292,15,20,82
2023-01-30,8005104,8002812,7,18,30
2023-01-30,8005104,8005104,14,36,29
2023-01-30,8005104,8006091,6,18,30
2023-01-30,8005292,8000808,12,20,84
2023-01-30,8005292,8005047,11,20,158
2023-01-30,8005292,8005292,23,40,100
2023-01-30,8005507,8001393,29,40,197
2023-01-30,8005507,8003659,31,47,170
2023-01-30,8005507,8005507,57,80,180
2023-01-30,8005511,8000226,15,26,48
2023-01-30,8005511,8000488,19,26,73
2023-01-30,8005511,8005511,30,52,60
2023-01-30,8005662,8003286,17,20,177
2023-01-30,8005662,8003699,10,20,315
2023-01-30,8005662,8005662,29,40,187
2023-01-30,8005809,8000354,11,18,127
2023-01-30,8005809,8000810,1,1,90
2023-01-30,8005809,8001123,2,2,180
2023-01-30,8005809,8003292,11,19,87
2023-01-30,8005809,8005809,25,40,99
2023-01-30,8005929,8000354,14,20,81
2023-01-30,8005929,8000807,7,20,96
2023-01-30,8005929,8005929,19,40,83
2023-01-30,8006089,8003545,52,83,123
2023-01-30,8006089,8006089,115,166,104
2023-01-30,8006089,8079097,58,83,97
2023-01-30,8006104,8001342,5,18,33
2023-01-30,8006104,8004709,4,18,25
2023-01-30,8006104,8006104,14,36,16
2023-01-30,8006336,8000342,3,6,25
2023-01-30,8006336,8000812,6,6,100
2023-01-30,8006336,8001675,38,38,242
2023-01-30,8006336,8003635,32,38,159
2023-01-30,8006336,8006336,77,88,170
2023-01-30,8006358,8000759,6,19,16
2023-01-30,8006358,8002405,14,19,46
2023-01-30,8006358,8006358,17,38,21
2023-01-30,8006482,8000797,37,38,240
2023-01-30,8006482,8000812,31,38,163
2023-01-30,8006482,8006482,68,76,191
2023-01-30,8070086,8000489,17,17,111
2023-01-30,8070086,8000578,9,40,26
2023-01-30,8070086,8002584,32,40,134
2023-01-30,8070086,8070086,83,114,85
2023-01-30,8079095,8002580,52,75,88
2023-01-30,8079095,8002585,19,40,126
2023-01-30,8079095,8079095,152,246,122
2023-01-30,8079095,8079097,53,83,116
2023-01-30,8079097,8006089,53,83,122
2023-01-30,8079097,8079095,51,83,84
2023-01-30,8079097,8079097,114,166,103
2023-01-31,8000022,8000022,59,76,192
2023-01-31,8000022,8000797,27,38,116
2023-01-31,8000022,8002634,32,38,249
2023-01-31,8000093,8000093,24,39,190
2023-01-31,8000093,8000282,8,18,258
2023-01-31,8000093,8000483,0,1,0
2023-01-31,8000093,8000935,0,1,0
2023-01-31,8000093,8004709,6,18,55
2023-01-31,8000148,8000148,43,86,143
2023-01-31,8000148,8000725,14,38,43
2023-01-31,8000148,8001342,7,18,338
2023-01-31,8000148,8001777,20,26,81
2023-01-31,8000148,8002812,8,18,337
2023-01-31,8000148,8005638,4,7,26
2023-01-31,8000169,8000026,7,7,141
2023-01-31,8000169,8000169,25,26,488
2023-01-31,8000169,8001775,15,38,26
2023-01-31,8000169,8002607,5,26,28
2023-01-31,8000169,8002830,4,19,76
2023-01-31,8000226,8000226,65,80,122
2023-01-31,8000226,8000443,23,40,104
2023-01-31,8000226,8000489,10,20,111
2023-01-31,8000226,8005511,17,26,163
2023-01-31,8000268,8000268,96,126,231
2023-01-31,8000268,8001393,26,40,167
2023-01-31,8000268,8002634,18,20,306
2023-01-31,8000268,8004322,17,23,189
2023-01-31,8000268,8004851,18,20,238
2023-01-31,8000282,8000093,15,18,107
2023-01-31,8000282,8000282,24,36,175
2023-01-31,8000282,8001775,9,18,293
2023-01-31,8000335,8000335,10,16,135
2023-01-31,8000335,8004777,8,8,112
2023-01-31,8000342,8000342,136,164,153
2023-01-31,8000342,8001781,5,6,175
2023-01-31,8000342,8002586,33,38,103
2023-01-31,8000342,8002969,30,38,110
2023-01-31,8000342,8003635,22,38,134
2023-01-31,8000342,8005160,34,38,259
2023-01-31,8000342,8006336,5,6,215
2023-01-31,8000354,8000354,24,40,88
2023-01-31,8000354,8001123,0,1,0
2023-01-31,8000354,8005809,10,19,65
2023-01-31,8000354,8005929,15,20,78
2023-01-31,8000443,8000226,31,40,131
2023-01-31,8000443,8000443,60,80,104
2023-01-31,8000443,8000578,31,40,117
2023-01-31,8000483,8000093,0,2,0
2023-01-31,8000483,8000213,0,1,0
2023-01-31,8000483,8000483,0,3,0
2023-01-31,8000488,8000488,19,52,152
2023-01-31,8000488,8002607,15,26,205
2023-01-31,8000488,8005511,4,26,91
2023-01-31,8000489,8000226,18,20,134
2023-01-31,8000489,8000489,51,74,121
2023-01-31,8000489,8001279,29,37,136
2023-01-31,8000489,8070086,16,17,175
2023-01-31,8000578,8000443,25,40,86
2023-01-31,8000578,8000578,49,80,93
2023-01-31,8000578,8070086,23,40,105
2023-01-31,8000740,8000740,20,38,121
2023-01-31,8000740,8000759,9,19,155
2023-01-31,8000740,8001048,13,19,109
2023-01-31,8000759,8000740,10,19,85
2023-01-31,8000759,8000759,18,38,117
2023-01-31,8000759,8006358,9,19,117
2023-01-31,8000797,8000022,35,38,299
2023-01-31,8000797,8000797,65,76,223
2023-01-31,8000797,8006482,29,38,167
2023-01-31,8000807,8000807,26,40,77
2023-01-31,8000807,8003632,13,20,82
2023-01-31,8000807,8005929,15,20,75
2023-01-31,8000808,8000808,28,40,95
2023-01-31,8000808,8001775,13,20,120
2023-01-31,8000808,8005292,14,20,57
2023-01-31,8000810,8000810,2,3,180
2023-01-31,8000810,8003292,0,1,0
2023-01-31,8000810,8005809,2,2,285
2023-01-31,8000812,8000812,69,76,243
2023-01-31,8000812,8003267,32,38,226
2023-01-31,8000812,8006336,4,6,110
2023-01-31,8000812,8006482,35,38,296
2023-01-31,8000871,8003957,14,37,73
2023-01-31,8001000,8001000,73,74,153
2023-01-31,8001000,8003165,34,37,133
2023-01-31,8001000,8003957,37,37,197
2023-01-31,8001048,8000740,6,19,144
2023-01-31,8001123,8000354,2,2,300
2023-01-31,8001123,8001123,2,3,180
2023-01-31,8001123,8005809,0,1,0
2023-01-31,8001245,8001245,28,40,170
2023-01-31,8001245,8003286,14,20,134
2023-01-31,8001279,8000489,18,37,106
2023-01-31,8001279,8001279,49,74,133
2023-01-31,8001279,8004735,28,37,176
2023-01-31,8001342,8000148,10,18,135
2023-01-31,8001342,8001342,23,36,230
2023-01-31,8001342,8006104,11,18,270
2023-01-31,8001393,8000268,33,40,262
2023-01-31,8001393,8001393,62,80,213
2023-01-31,8001393,8005507,29,40,169
2023-01-31,8001561,8001157,0,1,0
2023-01-31,8001561,8001561,2,3,150
2023-01-31,8001561,8003292,2,2,240
2023-01-31,8001675,8001675,70,76,239
2023-01-31,8001675,8003267,34,38,245
2023-01-31,8001675,8006336,34,38,256
2023-01-31,8001713,8001713,24,40,163
2023-01-31,8001713,8002507,12,20,222
2023-01-31,8001713,8004322,12,20,130
2023-01-31,8001775,8000169,34,38,242
2023-01-31,8001775,8000282,13,18,55
2023-01-31,8001775,8000808,9,20,40
2023-01-31,8001775,8001775,53,76,131
2023-01-31,8001949,8001489,18,23,177
2023-01-31,8001949,8001949,37,46,292
2023-01-31,8001949,8004322,21,23,402
2023-01-31,8002405,8002405,25,38,103
2023-01-31,8002405,8002830,11,19,103
2023-01-31,8002405,8006358,7,19,87
2023-01-31,8002507,8001713,11,20,78
2023-01-31,8002507,8002507,26,40,160
2023-01-31,8002507,8003705,11,20,225
2023-01-31,8002580,8002580,173,218,160
2023-01-31,8002580,8002586,73,89,163
2023-01-31,8002580,8003659,6,7,214
2023-01-31,8002580,8005047,18,20,132
2023-01-31,8002580,8079095,52,76,133
2023-01-31,8002584,8002584,40,80,83
2023-01-31,8002584,8070086,19,40,53
2023-01-31,8002585,8002585,49,80,170
2023-01-31,8002585,8003659,19,40,184
2023-01-31,8002585,8079095,30,40,169
2023-01-31,8002586,8000342,26,37,111
2023-01-31,8002586,8001781,6,6,180
2023-01-31,8002586,8002580,66,89,193
2023-01-31,8002586,8002581,23,39,124
2023-01-31,8002586,8002586,135,178,167
2023-01-31,8002586,8005638,3,7,197
2023-01-31,8002589,8003542,43,46,63
2023-01-31,8002607,8000169,12,26,147
2023-01-31,8002607,8000488,5,26,92
2023-01-31,8002607,8002607,18,52,115
2023-01-31,8002634,8000022,18,38,103
2023-01-31,8002634,8000268,10,20,126
2023-01-31,8002634,8002634,27,40,176
2023-01-31,8002634,8003699,13,20,170
2023-01-31,8002812,8000148,9,18,213
2023-01-31,8002812,8002812,24,36,242
2023-01-31,8002812,8005104,15,18,402
2023-01-31,8002830,8000169,13,19,125
2023-01-31,8002830,8002405,8,19,82
2023-01-31,8002830,8002830,16,38,93
2023-01-31,8003267,8000812,35,38,268
2023-01-31,8003267,8001675,37,38,263
2023-01-31,8003267,8003267,72,76,259
2023-01-31,8003286,8001245,10,20,200
2023-01-31,8003286,8003286,26,40,175
2023-01-31,8003286,8005662,16,20,135
2023-01-31,8003292,8000810,2,2,240
2023-01-31,8003292,8001561,0,1,0
2023-01-31,8003292,8003292,21,40,107
2023-01-31,8003292,8004702,3,8,22
2023-01-31,8003292,8005809,9,18,93
2023-01-31,8003542,8002589,40,46,126
2023-01-31,8003542,8003165,32,37,129
2023-01-31,8003542,8003542,134,166,114
2023-01-31,8003542,8003545,57,83,96
2023-01-31,8003545,8003542,57,83,119
2023-01-31,8003545,8003545,147,207,180
2023-01-31,8003545,8003957,20,20,182
2023-01-31,8003545,8006089,56,83,103
2023-01-31,8003545,8012762,1,1,30
2023-01-31,8003632,8000807,20,20,102
2023-01-31,8003632,8001071,19,20,111
2023-01-31,8003632,8003632,39,40,105
2023-01-31,8003659,8002580,5,7,154
2023-01-31,8003659,8002585,28,40,167
2023-01-31,8003659,8003659,59,94,177
2023-01-31,8003659,8005507,29,47,203
2023-01-31,8003699,8002634,14,20,134
2023-01-31,8003699,8003699,27,40,148
2023-01-31,8003699,8005662,9,20,153
2023-01-31,8003705,8002507,17,20,102
2023-01-31,8003705,8003705,26,40,147
2023-01-31,8003957,8000871,37,37,207
2023-01-31,8003957,8001000,36,37,140
2023-01-31,8003957,8003545,20,20,783
2023-01-31,8003957,8003700,20,20,249
2023-01-31,8003957,8003957,113,114,271
2023-01-31,8004322,8000268,16,23,338
2023-01-31,8004322,8001713,15,20,238
2023-01-31,8004322,8001949,18,23,177
2023-01-31,8004322,8004322,64,86,247
2023-01-31,8004322,8004851,14,20,194
2023-01-31,8004709,8000093,11,18,398
2023-01-31,8004709,8004709,19,36,227
2023-01-31,8004709,8006104,12,18,72
2023-01-31,8004735,8001279,20,37,101
2023-01-31,8004735,8001687,31,37,242
2023-01-31,8004735,8004735,48,74,151
2023-01-31,8004851,8000268,12,20,177
2023-01-31,8004851,8004322,15,20,226
2023-01-31,8004851,8004851,26,40,205
2023-01-31,8005047,8002580,20,20,124
2023-01-31,8005047,8005047,29,40,104
2023-01-31,8005047,8005292,17,20,126
2023-01-31,8005104,8002812,6,18,130
2023-01-31,8005104,8005104,13,36,262
2023-01-31,8005104,8006091,7,18,382
2023-01-31,8005292,8000808,14,20,135
2023-01-31,8005292,8005047,12,20,81
2023-01-31,8005292,8005292,26,40,92
2023-01-31,8005507,8001393,32,40,262
2023-01-31,8005507,8003659,35,47,161
2023-01-31,8005507,8005507,64,80,200
2023-01-31,8005511,8000226,16,26,118
2023-01-31,8005511,8000488,16,26,183
2023-01-31,8005511,8005511,24,52,132
2023-01-31,8005662,8003286,15,20,206
2023-01-31,8005662,8003699,13,20,128
2023-01-31,8005662,8005662,29,40,154
2023-01-31,8005809,8000354,13,18,108
2023-01-31,8005809,8000810,0,1,0
2023-01-31,8005809,8001123,2,2,270
2023-01-31,8005809,8003292,11,19,106
2023-01-31,8005809,8005809,26,40,100
2023-01-31,8005929,8000354,11,20,63
2023-01-31,8005929,8000807,9,20,57
2023-01-31,8005929,8005929,20,40,56
2023-01-31,8006089,8003545,54,83,125
2023-01-31,8006089,8006089,134,166,122
2023-01-31,8006089,8079097,73,83,130
2023-01-31,8006104,8001342,9,18,153
2023-01-31,8006104,8004709,6,18,385
2023-01-31,8006104,8006104,20,36,218
2023-01-31,8006336,8000342,4,6,110
2023-01-31,8006336,8000812,6,6,300
2023-01-31,8006336,8001675,38,38,200
2023-01-31,8006336,8003635,32,38,238
2023-01-31,8006336,8006336,81,88,200
2023-01-31,8006358,8000759,10,19,84
2023-01-31,8006358,8002405,16,19,115
2023-01-31,8006358,8006358,21,38,91
2023-01-31,8006482,8000797,34,38,296
2023-01-31,8006482,8000812,32,38,191
2023-01-31,8006482,8006482,68,76,235
2023-01-31,8070086,8000489,16,17,92
2023-01-31,8070086,8000578,11,40,52
2023-01-31,8070086,8002584,29,40,124
2023-01-31,8070086,8070086,76,114,96
2023-01-31,8079095,8002580,59,75,128
2023-01-31,8079095,8002585,19,40,174
2023-01-31,8079095,8079095,171,246,134
2023-01-31,8079095,8079097,59,83,125
2023-01-31,8079097,8006089,65,83,137
2023-01-31,8079097,8079095,60,83,108
2023-01-31,8079097,8079097,132,166,124
